IntentID,IntentName,Query,Response,,,
,匯兌,外匯,外匯（Foreign Exchange，或Forex）是貨幣行政當局以銀行存款、財政部證券、長短期政府證券等形式所持有的國際收支逆差時可以使用的債權。它是國際貿易的產物，是國際貿易清償的支付手段。 ,,,
,匯兌,電匯,電匯即匯款人向當地外匯銀行交付本國貨幣，由該行用電報或電傳通知國外分行或代理行立即付出外幣。,,,
,匯兌,信匯,信匯是指匯款人向當地銀行交付本國貨幣，由銀行開具付款委托書，用航空郵寄交國外分行或代理行，辦理付出外匯業務。採用信匯方式，由於郵程需要的時間比電匯長，銀行有機會利用這筆資金，所以信匯匯率低於電匯匯率，其差額相當於郵程利息。,,,
,匯兌,票匯,票匯是指匯出行應匯款人的申請，開立以匯入行為付款人的匯票，列明收款人的姓名、匯款金額等等，交由匯款人自行寄送給收款人或親自攜帶出國，以憑票取款的一種匯款方式。,,,
,匯兌,匯票,匯票主要有以下兩種:銀行匯票、商業匯票,,,
,匯兌,銀行匯票,銀行匯票是由企業單位或個人將款項交存開戶銀行，由銀行簽發給其持往異地採購商品時辦理結算或支取現金的票據。,,,
,匯兌,商業匯票,商業匯票是出票人簽發的，委托付款人在指定日期無條件支付確定的金額給收款人或者持票人的票據。,,,
,匯兌,外幣,外幣有狹義和廣義之分狹義的外幣，指本國貨幣以外的其他國家或地區的貨幣，包括各種紙幣和鑄幣等。,,,
,匯兌,匯兌,匯率亦稱“外匯行市或匯價”。一國貨幣兌換另一國貨幣的比率，是以一種貨幣表示另一種貨幣的價格。由於世界各國貨幣的名稱不同，幣值不一，所以一國貨幣對其他國家的貨幣要規定一個兌換率，即匯率。,,,
,匯兌,交叉匯率,所謂交叉匯率是指兩種不同貨幣之間的價格關係，兩個國家之間的貨幣匯兌是利用各自對美元的匯率套算得出。(資料來源:維基百科),,,
,匯兌,廣義的外幣,廣義的外幣，指所有以外國貨幣表示的能用於國際結算的支付憑證。除了國外的紙幣和鑄幣外，還包括企業所持有的外國的有價證券，如以外幣表示的政府公債、國庫存券、公司債券、股票和股息等；也包括外幣支付憑證，如以外幣表示的票據、銀行存款憑證、郵政儲蓄憑證等，還包括其他外幣資金，如各種外幣匯款、進出口貿易的外幣性貨款等。其涵義與外匯的靜態涵義一致。,,,
,匯兌,外匯掉期,一種同時買入及賣出在不同日期（通常為即期和遠期）交割的同等數額貨幣的交易形式。它允許企業在擁有多幣種資金的情況下有效地管理資金。(資料來源:維基百科),,,
,匯兌,即期匯率,指雙方在現貨交易日以約定價格出售另一貨幣來購買一種貨幣的協議。交易完成時的匯率稱為現貨匯率（spot exhcange rate）。(資料來源:維基百科),,,
,匯兌,遠期匯率,指銀行在與投資者訂立遠期合約時同意指定將來一個日期將一種貨幣兌換為另一種貨幣的匯率，並以此匯率在遠期外匯市場進行交易。跨國企業、銀行和其他金融機構訂立遠期合約，以遠期匯率作為對沖。遠期匯率由即期匯率與兩國之間的利率差異之間的平價關係確定，反映了外匯市場中的經濟均衡，消除套利機會。當處於均衡且兩國的利率不同時，平價條件意味著遠期利率包含了反映利率差異的溢價或折價。遠期匯率對預測未來即期匯率具有重要的理論意義。(資料來源:維基百科),,,
,匯兌,利差交易,又稱為套息交易或融資套利交易，指在低利率的國家借錢，換成較高利率國家的貨幣後出貸，賺取利差。(資料來源:維基百科),,,
,匯兌,套息交易,又稱為利差交易或融資套利交易，指在低利率的國家借錢，換成較高利率國家的貨幣後出貸，賺取利差。(資料來源:維基百科),,,
,匯兌,融資套利交易,又稱為套息交易或利差交易交易，指在低利率的國家借錢，換成較高利率國家的貨幣後出貸，賺取利差。(資料來源:維基百科),,,
,匯兌,外匯存底,是一個國家或經濟體的央行持有並可隨時兌換他國貨幣的資產，通常以美元計算。狹義而言，外匯儲備指一個國家或經濟體的外匯累積；廣義而言，指以外匯計價的總資產，包括現鈔、黃金、國外貨幣債券或政府債?等。外匯儲備是一個國家或經濟體國際清償力的重要組成部分，同時對於平衡國際收支、穩定匯率有重要影響。(資料來源:維基百科),,,
,匯兌,浮動匯率制,指由外匯市場或自由市場需求與供應來決定升貶的匯率制度。一般而言政府不加干涉，才能使市場機能充份發揮，因此若是外匯市場越發達且金融組織愈健全的國家，對於外匯市場的干預也就越少。但因各國的國情不盡相同，所具備的條件亦異，因此其允許浮動的程度也不一致，而以混合固定匯率與浮動匯率機制的管制匯率（Dirty floating rate），通常外匯變化會由市場供需決定，但若受偶發性、季節性甚至受到不正常的市場預期心理等因素干擾而使匯率波動幅度過大時，政府通常會在必要時候進行不同程度的干預市場價格，以減少匯率波動的產生幅度。(資料來源:維基百科),,,
,匯兌,金本位,是一種貴金屬貨幣制度，每單位的貨幣價值等同於若干含重量的黃金（即貨幣含金量）；當不同國家使用金本位時，國家之間的匯率由它們各自貨幣的含金量之比值－金平價（Gold Parity）來決定。(資料來源:維基百科),,,
,匯兌,固定匯率制,是國家間貨幣採用固定匯率進行貨幣交換的制度，一國政府可通過行政方式限定其貨幣相對於另一貨幣的價值。該國政府依照一定重量的黃金，或者一定量的另一種貨幣，或貨幣組合給本國貨幣定價。(資料來源:維基百科),,,
,匯兌,貨幣升值,升值或貨幣升值是指某一特定貨幣價值上漲，此價值一般會以兌換為其他貨幣單位後的金額為準[1]，意指價格上升或是價值增多。升值的反義詞是貶值，是指貨幣的價值下降。貨幣的升值或貶值會影響其在國際市場上的價值，也會反映在匯率上。升值貨幣可以使本國商人從外國買進東西更便宜，有利進口但是不利出口，因為出口商收進的外幣能兌換成本幣的數量就變少，出口商積欠本國銀行的貸款用本幣計值，等於要賣出更多商品才能償還。(資料來源:維基百科),,,
,匯兌,貨幣貶值,貶值或貨幣貶值是指某一特定貨幣價值下降，此價值一般會以兌換為其他貨幣單位後的金額為準，指價格下降或是價值減少。貨幣貶值和通貨膨脹不同，通貨膨脹是指某一特定通貨可購買的商品或服務（即購買力）減少。貨幣貶值後，需用較多的本國貨幣兌換等值外幣，因此不利於進口，也會造成國內進口商品物價的上漲。不過對於商品出口而言，因為等值本國貨幣所對應的外幣下降，對於出口有利。(資料來源:維基百科),,,
,匯兌,通貨膨脹,貨幣流通數量增加，但也指向因貨幣流通數量增加，而使得物價水準在某一時期內，連續性地以相當的幅度上漲，也就是物價上升，貨幣購買力下降的現象。(資料來源:維基百科),,,
,,,,,,
,選擇權,選擇權,選擇權（Option，或稱期權）是一種選擇交易與否的權利。當契約買方付出權利金（Premium）後，如果享有在特定時間內（或在某特定時間）向契約賣方依特定條件或履約價格（或稱行使價），買入或賣出一定數量標的物的權力，這種權利就稱為期權或是選擇權。(資料來源:維基百科),,,
,選擇權,外匯選擇權,外匯選擇權(Foreign Exchange Option) 除了遠期外匯與期貨契約外，投資者及進出口廠商亦可利用選擇權市場來對匯率的波動進行避險。外匯選擇權（Foreign Exchange Option）的買權（Call）持有者在付出權利金(Premium)予選擇權賣方之後，自該項契約成立之日起，至預先約定未來某一時日或之前，得以事先約定之履約價格(Strike Price 或Exercise Price)，要求賣方買入或賣出定量之某種通貨，且賣方有義務按約定價格履行交割義務。外匯選擇權最早係在交易所進行的契約，在交易所交易的外匯選擇權之標的物為固定金額的即期外匯，或是相當金額的外匯期貨契約，但近來受到店頭市場契約較具彈性等優點的影響，在店頭市場交易之外匯選擇權交易量已占全體外匯選擇權市場交易之9成。目前全球最為熱絡的外匯現貨選擇權交易所為費城證券交易所（Philadelphia Stock Exchange），主要為美元對日圓、歐元及澳幣等主要通貨的匯率選擇權契約；而外匯期貨選擇權則以芝加哥商品交易所（CME）轄下的國際貨幣市場（IMM）較為活絡。,,,
,選擇權,現貨選擇權,（Option on Spot）：標的物為金屬、農產品等一般大宗物資或是股票、ETF、外匯、利率等金融商品。(資料來源:維基百科),,,
,選擇權,期貨選擇權,標的物為期貨而非現貨，可以包括各種商品期貨和金融期貨。(資料來源:維基百科),,,
,選擇權,標的物,（Underlying）：欲交易的項目、數量和類別（期貨選擇權或是現貨選擇權）。(資料來源:維基百科),,,
,選擇權,履約日,（Expiration Date）：一般而言，選擇權的履約日期為開始日約9個月後的某個特定日子。定型化選擇權契約的推出有季節性，因此選擇權契約的開始日與履約日期大多相當集中。(資料來源:維基百科),,,
,選擇權,履約價,（Strike Price）：履約價格是契約買方在履約日期買賣特定標的物所依據的價格，通常是交易所所事先決定。同一種標的物得選擇權契約，多有數個不同的履約價格，而此通常依照現貨價格再加減一定數額所定。(資料來源:維基百科),,,
,選擇權,實質價值,（Intrinsic Value，或稱內生價值、內涵價值 、內在價值），是指標的物即期價格與選擇權履約價格之間的差異。如果履約價格低於標的即期價格，則稱為買權有實質價格存在。如果反之，履約價格高於標的即期價格，則稱為賣權具備實質價值。(資料來源:維基百科),,,
,選擇權,內生價值,（Intrinsic Value，或稱實質價值、內涵價值 、內在價值），是指標的物即期價格與選擇權履約價格之間的差異。如果履約價格低於標的即期價格，則稱為買權有實質價格存在。如果反之，履約價格高於標的即期價格，則稱為賣權具備實質價值。(資料來源:維基百科),,,
,選擇權,內涵價值,（Intrinsic Value，或稱內生價值、實質價值 、內在價值），是指標的物即期價格與選擇權履約價格之間的差異。如果履約價格低於標的即期價格，則稱為買權有實質價格存在。如果反之，履約價格高於標的即期價格，則稱為賣權具備實質價值。(資料來源:維基百科),,,
,選擇權,內在價值,（Intrinsic Value，或稱內生價值、內涵價值 、實質價值），是指標的物即期價格與選擇權履約價格之間的差異。如果履約價格低於標的即期價格，則稱為買權有實質價格存在。如果反之，履約價格高於標的即期價格，則稱為賣權具備實質價值。(資料來源:維基百科),,,
,選擇權,價內,任何具備實質價值的選擇權被稱為價內（實值選擇權），買入選擇權的履約價格比即期價格低時便稱為價內；賣出選擇權的履約價較即期價格高時也稱為價內，只要是履約時選擇權買方可以賺到錢的契約就被稱為是價內。價內的大小可以用數值表示。(資料來源:維基百科),,,
,選擇權,價外,價內的相反，也就是選擇權買方履約時會虧損的契約，稱為價外（Out-of-the-Money，也稱為虛值選擇權）。買入選擇權的履約價格比即期價格高時便稱為價外；賣出選擇權的履約價較即期價格低時也稱為價外。價外的大小，和價內一樣，也可以用數值表示。(資料來源:維基百科),,,
,選擇權,價平,當權利金價值與即期價格相等時，稱為價平（At-the-Money，也稱為兩平選擇權），此時買賣雙方沒有人賺錢，也沒有人賠錢。(資料來源:維基百科),,,
,選擇權,時間價值,（Time Value）是選擇權價格的第二個決定因素。因為選擇權在持有時間內會因為標的物的價格變動而使選擇權價值變動，就算目前選擇權為價外而沒有內生價值，只要選擇權還在有效期限內，就仍有回到價內的機會，故時間價值必為正值（或零，在某些少見的情況下）(資料來源:維基百科),,,
,,,,,,
,股票,股票,股票是股份證書的簡稱，是股份公司為籌集資金而發行給股東作為持股憑證並藉以取得股息和紅利的一種有價證券。每股股票都代表股東對企業擁有一個基本單位的所有權。這種所有權是一種綜合權利，如參加股東大會、投票表決、參與公司的重大決策、收取股息或分享紅利等。同一類別的每一份股票所代表的公司所有權是相等的。每個股東所擁有的公司所有權份額的大小，取決於其持有的股票數量占公司總股本的比重。股票是股份公司資本的構成部分，可以轉讓、買賣或作價抵押，是資本市場的主要長期信用工具，但不能要求公司返還其出資。股東與公司之間的關係不是債權債務關係。股東是公司的所有者，以其出資份額為限對公司負有限責任，承擔風險，分享收益。,,,
,股票,普通股,普通股是股票的一種，相對於優先股（特別股）。為一間公司最基本的一種股份類別。於上市公司中，一般會以這類股票在證券交易所上市，並通常佔了公司資本的主要部分。普通股可分為「A股」和「B股」。(資料來源:維基百科),,,
,股票,優先股與特別股,特別股是擁有普通股不具備的某些特徵的一類公司股票，同時具有債務工具和權益工具的特徵，通常被認為是一種混合工具。(資料來源:維基百科),,,
,股票,A股,A股是股票市場中一種股票分類，與其相對的是B股。兩者區別在於A股的面值多是B股的五倍至十倍，但兩者的投票權是相等的。但B股也不是無敵的，只要有股東持有足夠的A股，便可召開股東大會，取消B股上市地位。(資料來源:維基百科),,,
,股票,B股,B股是股票市場中一種股票分類，與其相對的是A股。兩者分別在於B股的面值多是A股的五分之一至十分之一，但兩者的投票權是相等的。所以於1970年代、1980年代很多公司皆曾發行，務求以最少的金錢控制公司，但這也不是無敵的，只要有股東持有足夠的A股，便可召開股東大會，取消B股上市地位。(資料來源:維基百科),,,
,股票,全額交割股,全額交割股（full-cash delivery stock）是一股市術語，法規用詞為變更交易方法股票。全額交割制度為台灣股票市場所特有，透過縮短交割期限及事先備齊款券的方式，來保障投資大眾權益。(資料來源:維基百科),,,
,股票,託管費,基金託管費是指基金託管人為基金提供服務而向基金收取的費用，比如銀行為保管、處置基金信託財產而提取的費用。託管費通常按照基金資產淨值的一定比例提取，目前通常為0.25%，逐日累計計提，按月支付給託管人。此費用也是從基金資產中支付，不須另向投資者收取。(資料來源:維基百科),,,
,股票,傭金,佣金或傭金是商業活動中勞務報酬的一種，一般而言是指提供給中介或代理的報酬。而所謂的中間人是指在商業行為中促成交易的角色，例如房地產買賣的仲介商、股票市場的證券所和拍賣行等等。(資料來源:維基百科),,,
,股票,印花稅,印花稅，是稅的一種，是對契約、憑證、書據、帳簿及權利許可證等文件徵收的稅種。納稅人通過在文件上加貼印花稅票，或者蓋章來履行納稅義務。(資料來源:維基百科),,,
,股票,被動投資,被動投資的理論基礎是建立在有效市場假說基礎上的隨機漫步理論，相對於價值投資或者趨勢投資，更大程度上表現出「由市場的不斷發展獲利」。主要表現形式為投資指數基金。(資料來源:維基百科),,,
,股票,效率市場假說,效率市場假說（Efficient-market hypothesis，EMH），又譯為有效市場假說，一個經濟學說，是金融學中最重要的七個理念之一，其對有效市場的定義是：如果在一個證券市場中，價格完全反映了所有可以獲得的信息，那麼就稱這樣的市場為有效市場。(資料來源:維基百科),,,
,股票,指數基金,指數基金（Index Fund）或指數型基金，是消極管理投資基金的主要形式，有時候被用來指代所有的消極管理投資基金。從廣義上講，ETF（交易所交易基金）也屬於指數基金。(資料來源:維基百科),,,
,股票,價值投資,價值投資是投資策略的其中一種，和價值投資法所對應的是趨勢投資法。其重點是透過基本面分析中的概念，例如高股息收益率、低本益比（P/E，股價/每股淨利潤）和低市淨率（P/B，股價/每股淨資產），去尋找並投資於一些股價被低估了的股票。(資料來源:維基百科),,,
,股票,技術面,技術分析是指研究過去金融市場的資訊（主要是經由使用圖表）來預測價格的趨勢與決定投資的策略。純理論上，技術分析只考慮市場或金融工具真實的價格行為，在假設其價格會反應所有在投資者經由其他渠道得知前的所有相關因素的前提之下。技術分析的基本信仰建立在「歷史會不斷重演」，並試圖藉由大量的統計資料來預測行情走勢。(資料來源:維基百科),,,
,股票,基本面,基本面分析是一種證券或股票估價的方法，利用財務分析和經濟學上的研究來評估企業價值或預測證券（如股票或債券等）價值的走勢。這些被分析的基本資料可以包含一家公司的財務報表和非財務上的資訊，如商品需求成長性的預測、企業比較、新制度的影響分析或人口的改變。它通常和所謂的技術分析相對，技術分析在研究證券價值的趨勢時，並不使用到市場本身以外的因素來做預測。(資料來源:維基百科),,,
,股票,牛市,又稱為多頭市場，是指證券市場上價格走高的市場。當然，在升勢的全過程中，股價多多少少會出現幾次回落調整的情況，這些都是正常的。其相反為熊市(空頭市場)。此處的證券市場，泛指常見的股票、債券、期貨、選擇權、外匯、可轉讓定存單、衍生性金融商品及其它各種證券。(資料來源:維基百科),,,
,股票,多頭市場,又稱為牛市，是指證券市場上價格走高的市場。當然，在升勢的全過程中，股價多多少少會出現幾次回落調整的情況，這些都是正常的。其相反為熊市(空頭市場)。此處的證券市場，泛指常見的股票、債券、期貨、選擇權、外匯、可轉讓定存單、衍生性金融商品及其它各種證券。(資料來源:維基百科),,,
,股票,熊市,又稱為空頭市場，指證券市場上，價格走低的市場。其相反為牛市(多頭市場)。此處的證券市場，泛指常見的股票、債券、期貨、選擇權、外匯、可轉讓定存單、衍生性金融商品及其它各種證券。(資料來源:維基百科),,,
,股票,空頭市場,又稱為熊市，指證券市場上，價格走低的市場。其相反為牛市(多頭市場)。此處的證券市場，泛指常見的股票、債券、期貨、選擇權、外匯、可轉讓定存單、衍生性金融商品及其它各種證券。(資料來源:維基百科),,,
,股票,股利,股利（Dividend），又譯股息或紅利，是指股份公司從留存收益中派發給股東的那一部分。股利是股東投資於股份公司的收益的一部分（另一部分是資本利得），是付給資本的報酬。就上市公司的情況中，股利只會派發給在除息日之前一日持有股票至除息日當日的人士，在除息日當日或以後才買入股票的人則不能獲派股利。與此同時，證券交易所會在除息日開市前自動把股票的上一交易日收盤價扣減股利的價值，定為該股票的前一交易日的收盤價，因此股價會在開盤時自動下跌。股利一般有兩種支付方式：現金股利（股息，Cash Dividends）和股票股利（股利，Stock Dividends）。(資料來源:維基百科),,,
,股票,本益比,股票的市盈率 (Price-to-Earning Ratio，P/E 或 PER)，又稱為本益比，指每股市價除以每股盈餘 (Earnings Per Share，EPS)，通常作為股票是便宜抑或昂貴的指標 (通貨膨脹會使每股收益虛增，從而扭曲本益比的比較價值)。本益比把企業的股價與其製造財富的能力聯繫起來。(資料來源:維基百科),,,
,股票,市盈率,股票的市盈率 (Price-to-Earning Ratio，P/E 或 PER)，又稱為本益比，指每股市價除以每股盈餘 (Earnings Per Share，EPS)，通常作為股票是便宜抑或昂貴的指標 (通貨膨脹會使每股收益虛增，從而扭曲本益比的比較價值)。本益比把企業的股價與其製造財富的能力聯繫起來。(資料來源:維基百科),,,
,股票,市賬率,又名市凈率、股價淨值比，指每股市價除以每股淨資產，通常作為股票孰賤孰貴的指標之一。計算方法為股票的市賬率＝每股市價／每股淨資產(資料來源:維基百科),,,
,股票,市凈率,又名市賬率、股價淨值比，指每股市價除以每股淨資產，通常作為股票孰賤孰貴的指標之一。計算方法為股票的市賬率＝每股市價／每股淨資產(資料來源:維基百科),,,
,股票,股價淨值比,又名市凈率、市賬率，指每股市價除以每股淨資產，通常作為股票孰賤孰貴的指標之一。計算方法為股票的市賬率＝每股市價／每股淨資產(資料來源:維基百科),,,
,股票,K線,K線（Candlestick chart）又稱「陰陽燭」、「蠟燭線」，是反映價格走勢的一種圖線，其特色在於一個線段內記錄了多項訊息，相當易讀易懂且實用有效，廣泛用於股票、期貨、貴金屬、數字貨幣等行情的技術分析，稱為K線分析。(資料來源:維基百科),,,
,股票,陰陽燭,陰陽燭又稱「K線」、「蠟燭線」，是反映價格走勢的一種圖線，其特色在於一個線段內記錄了多項訊息，相當易讀易懂且實用有效，廣泛用於股票、期貨、貴金屬、數字貨幣等行情的技術分析，稱為K線分析。(資料來源:維基百科),,,
,股票,蠟燭線,蠟燭線又稱「陰陽燭」、「K線」，是反映價格走勢的一種圖線，其特色在於一個線段內記錄了多項訊息，相當易讀易懂且實用有效，廣泛用於股票、期貨、貴金屬、數字貨幣等行情的技術分析，稱為K線分析。(資料來源:維基百科),,,
,股票,均線,移動平均線（moving average，MA），是技術分析中一種分析時間序列數據的工具。最常見的是利用股價、回報或交易量等變數計算出移動平均。移動平均可撫平短期波動，反映出長期趨勢或週期。數學上，移動平均可視為一種卷積。(資料來源:維基百科),,,
,股票,移動平均線,是技術分析中一種分析時間序列數據的工具。最常見的是利用股價、回報或交易量等變數計算出移動平均。移動平均可撫平短期波動，反映出長期趨勢或週期。數學上，移動平均可視為一種卷積。(資料來源:維基百科),,,
,股票,壓力線,又稱為阻力線，投資學裡技術分析名詞，是將K線圖中兩個波段的高點相連而成的線。(資料來源:維基百科),,,
,股票,多頭,作多，又稱買空，與空頭（賣空）相反，指投資人買入證券部位後，持有不出脫的操作方式。通常預設後市看好看漲，是傳統的證券操作方式。股票投資人根據股市行情價格波動而進行波段操作，在低位買入高位賣出，即高拋低吸。(資料來源:維基百科),,,
,股票,空頭,放空，又稱作空、空頭、沽空、賣空，與作多相對，指投資人在手中不持有證券或金融產品的情況下，賣出該證券或金融產品。一般而言，散戶難以放空證券，因為少量的借入某一證券並不容易，手續費亦相對較高。放空外幣及貴金屬則十分容易，因為種類少，而且流動性高。(資料來源:維基百科),,,
,股票,除息,除息（Ex-Dividends），是公司配發「現金股利」（配息／股息）給股東時，將發放的股息從股價中扣除，除息參考價 = 除息前一日收盤價 - 現金股利。(資料來源:維基百科),,,
,股票,填息,除息後，除息前一日的收盤價與除息後的價位之間有個除息價差缺口，如果股價能回升並超過除息前一天的收盤價，稱之為「填息」。(資料來源:維基百科),,,
,股票,貼息,如果股價除息後，沒有回補除息差價缺口，反而下跌，使參與除息的投資人蒙受損失，則稱為「貼息」。(資料來源:維基百科),,,
,股票,除權,除權（Ex-Right）指的是股票的發行公司依一定比例分配股票給股東，作為「股票股利」（配股／股利），此時增加公司的總股數。美國稱股票除權為「股票分割」（Stock split），但美國稅法認為股票分割後每股股價應等比例降低，股東不算得到股票股利，所以不須繳所得稅，但在台灣若有除權股東須繳所得稅。除了股票股利之外，發行公司也可分配「現金股利」給股東，此時則稱為除息。(資料來源:維基百科),,,
,股票,上櫃股票,公開發行公司申請將其所發行的證券（包括股票與公司債）在證券商營業處所買賣者稱為上櫃申請，經核准可以在證券商營業處所為櫃檯買賣的股票稱為上櫃股票，也就是說可以在櫃檯買賣市場發行與流通的股票叫做上櫃股票。(資料來源:維基百科),,,
,股票,興櫃股票,為了讓已申報上市（櫃）之公開發行公司的普通股股票在還沒有掛牌交易之前，能有合法、安全及透明的交易市場，臺灣股票櫃檯買賣市場制定「興櫃股票制度」，讓申請為興櫃股票的公司，投資人在作交易時，可直接與推薦券商議價交易，或者為推薦證券商先行報價，在投資人參考其報價後，透過證券經紀商與推薦券商「議價」交易。(資料來源:維基百科),,,
,股票,IPO,首次公開募股（Initial Public Offerings，縮寫：IPO），又名首次公開發行、股票市場啟動，是公開上市集資的一種類型。通過證券交易所，公司首次將它的股票賣給一般公眾(可分為個人或機構投資者)（公司從機構投資人那裡接收的價格即為首次公開募股的價格）。私人公司通過這個過程會轉化為上市公司。首次公開募股通常被公司用來募集資金，儘可能地將早期個人投資者的投資貨幣化，資本化，同時讓公司的股份(股票)在交易所公開、自由地買賣。出售股份的公司沒有義務向公眾投資者償還資本。首次公開募股之後，公司的股份會在公開市場上自由交易，資金也僅僅在公眾投資者之間流通。儘管首次公開募股可以提供很多有利條件，但是它的缺點也不容忽視。其中最主要的代價就是公募過程中產生的成本，以及在此過程中需要公開某些公司內部訊息。而這些訊息很可能對競爭對手有利，或者給購買者們造成困難。(資料來源:維基百科),,,
,股票,發行價,當股票上市發行時，上市公司從公司自身利益及確保股票上市成功等角度出發，對上市的股票不按面值發行，而制訂一個較為合理的價格來發行，這個價格就稱為股票的發行價。(資料來源:https://kknews.cc/finance/regjrpr.html),,,
,股票,股本,股本（Share capital或capital stock），又稱股份，指股票投資人用現金購買到的公司股東權益。在會計上，股本等於股票面額乘上股票發行總額。發行上市時，若股票每股價格高於面額，稱為溢價發行；反之，若低於面額，則稱折價發行。在法律上，各國通常以公司法來規範股本。(資料來源:維基百科),,,
,股票,溢價發行,發行上市時，若股票每股價格高於面額，稱為溢價發行(資料來源:維基百科),,,
,股票,績優股,又稱藍籌股、權值股，指在某一行業中處於重要支配地位、業績優良、交易活躍、公司知名度高、市值大、公司經營者可信任、營收獲利穩定、每年固定分配股利、紅利優厚、市場認同度高的大公司的股票。績優股是一家公司的股票，在質量，可靠性以及在經濟好時壞的情況下有利可圖的運營能力方面享譽全國。買入股價穩定度高、高殖利率（每年配發高現金股利）的績優股，長期持有不賣出，每年都能領取現金股利，如同將資金轉入「銀行定期存款」一般，則可稱為定存股。(資料來源:維基百科),,,
,股票,國家股,國家股是指有權代表國家投資的部門或機構(國資委)以國有資產向公司投資形成的股份，包括公司現有國有資產折算成的股份。它是國有股權的一個組成部分。(資料來源:https://kknews.cc/finance/regjrpr.html),,,
,股票,殖利率,現金殖利率（Dividend yield）的定義是每股股息（現金股利）除以每股股價，通常以百分比表示。如果現金股利每年為1元，股價20元，則現金殖利率為5%。若股票的現金殖利率大於定期存款的利息，一般會稱為「定存概念股」(資料來源:維基百科),,,
,股票,EPS,每股盈餘（Earnings Per Share，EPS)，又稱每股收益或每股盈利，指公開市場上，股價波動，每股給投資者或股東帶來的收益。是公司的獲利指標，對於有公開市場股票交易的公司而言，每股盈餘和公司的股價都有一定的聯動性，因此這也是公司現有股東與潛在投資人衡量公司獲利的關鍵要素之一。(資料來源:維基百科),,,
,股票,每股收益,每股收益（Earnings Per Share，EPS)，又稱每股盈餘或每股盈利，指公開市場上，股價波動，每股給投資者或股東帶來的收益。是公司的獲利指標，對於有公開市場股票交易的公司而言，每股盈餘和公司的股價都有一定的聯動性，因此這也是公司現有股東與潛在投資人衡量公司獲利的關鍵要素之一。(資料來源:維基百科),,,
,股票,每股盈利,每股盈利（Earnings Per Share，EPS)，又稱每股收益或每股盈餘，指公開市場上，股價波動，每股給投資者或股東帶來的收益。是公司的獲利指標，對於有公開市場股票交易的公司而言，每股盈餘和公司的股價都有一定的聯動性，因此這也是公司現有股東與潛在投資人衡量公司獲利的關鍵要素之一。(資料來源:維基百科),,,
,股票,,,,,
,,,,,,
,股票,股本,指股票投資人用現金購買到的公司股東權益。在會計上，股本等於股票面額乘上股票發行總額。發行上市時，若股票每股價格高於面額，稱為溢價發行；反之，若低於面額，則稱折價發行。在法律上，各國通常以公司法來規範股本。,,,
,股票,股本報酬率,股本報酬率（又稱股權收益率、股本收益率或股東權益報酬率，英語：Return On Equity，縮寫：ROE），是衡量相對於股東權益的投資報酬之指標，反映公司利用資產淨值產生純利的能力。計算方法是將稅後淨利扣除優先股股息和特殊收益後的淨收益除以股東權益。此比例計算出公司普通股股東的投資報酬率，是上市公司盈利能力的重要指標。(資料來源:維基百科),,,
,股票,股權收益率,股權收益率（又稱股本報酬率、股本收益率或股東權益報酬率，英語：Return On Equity，縮寫：ROE），是衡量相對於股東權益的投資報酬之指標，反映公司利用資產淨值產生純利的能力。計算方法是將稅後淨利扣除優先股股息和特殊收益後的淨收益除以股東權益。此比例計算出公司普通股股東的投資報酬率，是上市公司盈利能力的重要指標。(資料來源:維基百科),,,
,股票,股本收益率,股本收益率（又稱股本報酬率、股權收益率或股東權益報酬率，英語：Return On Equity，縮寫：ROE），是衡量相對於股東權益的投資報酬之指標，反映公司利用資產淨值產生純利的能力。計算方法是將稅後淨利扣除優先股股息和特殊收益後的淨收益除以股東權益。此比例計算出公司普通股股東的投資報酬率，是上市公司盈利能力的重要指標。(資料來源:維基百科),,,
,股票,股東權益報酬率,股東權益報酬率（又稱股本報酬率、股本收益率或股權收益率，英語：Return On Equity，縮寫：ROE），是衡量相對於股東權益的投資報酬之指標，反映公司利用資產淨值產生純利的能力。計算方法是將稅後淨利扣除優先股股息和特殊收益後的淨收益除以股東權益。此比例計算出公司普通股股東的投資報酬率，是上市公司盈利能力的重要指標。(資料來源:維基百科),,,
,,ROE,ROE =（淨收益/營業額）×（營業額/總資產）×（總資產/股東權益） =（邊際利潤率）×（資產周轉）×（槓桿比率）。,,,
,股票,股東權益,股東對資產清償所有負債後剩餘價值的所有權,,,
,股票,庫藏股,公司將自己已經發行的股票重新買回，存放於公司，而尚未註銷或重新售出。這樣做可以減少市場上所有已發行股票的總數。在公司的資產負債表上，庫藏股不能列為公司資產，而是以負數形式列為一項股東權益。,,,
,股票,阿爾法收益,個股的收益與大盤指數收益的差值。,,,
,股票,崩盤,證券市場上由於某種利空原因，出現了證券大量拋出，導致證券市場價格無限度下跌，不知到什麼程度才可以停止。這種接連不斷地大量拋出證券的現象也稱為賣盤大量涌現。,,,
,股票,本土偏差,本土偏差現象是指投資者傾向於投資本國的股票，而不願意涉足國外的股票。按照MPT的解釋，由於相關性低，在投資組合中包含國外股票有助於降低整個組合的風險，但BPT認為投資者將本國股票和外國股票歸入了不同的心理賬戶。將國外股票劃入了高風險資產層，而將本國股票劃入了低風險資產層，並忽略了它們之間的相關性，因而不願意持有國外的股票。,,,
,股票,變盤,變盤通俗講就是向相反方向走牛或走熊，或者說空頭市場與多頭市場的轉變,,,
,股票,補跌,補跌是指你買的股票在指數下降（大盤下跌）時沒怎麼降，也許還升了，過了幾天，指數盤整或上升（大盤上漲）時，你股票股價反而下降了。有機構和大戶在拉高或著不想讓它大跌，因為他們出不了他們手裡的貨，等到指數上升時他們再出這樣有不知道原因的散戶接盤，他們就可以趁機脫手了或者慢慢出貨了。,,,
,股票,波周期,指通過波浪的形式表現出來的市場行情變動周期。是運用圖表進行技術分析時經常使用的一個專業術語。,,,
,股票,保護性止損,當損失達到一定的程度時，立即對沖了結先前進行的造成該損失的交易，以便把損失限定在一定的範圍之內。,,,
,股票,跛腳鴨,跛腳鴨在西方特指冒險失敗的投機者或股票交易中資不抵債的個體，由美國南北戰爭時期的獵鴨術語引申而來。,,,
,股票,波段,股市高拋低吸的操作。在運用波段操作時必需要依據波段行情的運轉特征，制訂和施行波段操作的方案和方案。,,,
,股票,報告期,報告期是基期的對稱，是指在計算動態分析指標時，需要說明其變化狀況的時期。報告期通俗地講就是完成某項活動並報告活動成果的時期。報告期是對某項活動的總結，在報告期內和報告期外，同樣性質的活動可能規定的標準和享受的政策保障會不一樣。所以，一定要在確保該項活動真的已經完成並且需要報告時再定下日期。,,,
,股票,保證金實際維持率,指客戶剩餘的保證金(帳面上的)占其所購股票當時市價總值的百分比,,,
,股票,板牌競價,在股票的競價買賣中，買賣各方的買價和賣價均書寫在板牌上，經紀人通過板牌競價直至成交。,,,
,股票,被提名股東,指個人股東委托並代理承擔股東名義的法人或自然人。,,,
,股票,被收購人,被收購人是指上市公司收購所指向的目標，即被收購的上市公司。被收購人是一個比較籠統的概念，具體包括被收購公司、被收購公司的股東和被收購公司的董事會。,,,
,股票,暴跌,指大盤或個股在某種利空消息的刺激下，股民發生恐懼性拋售，造成股指、股價在極短時間內急速下跌的一種非理性舉動。,,,
,股票,波林格區間,技術分析的一種方法，在收盤價的移動平均線上下一個標準差處各畫一條線，便形成波林格區間。標準差量度價格的波動性，因此，這些區間隨波動性的變化或縮窄或擴大，即市場平靜時，區間縮小，市場波動時，區間擴大。區間縮窄意味著新趨勢的開始，這可從價格出現突破並收於區間之外得以證實。波林格區間可用於任何價格走勢圖，但最常見的是與柱狀圖一起使用。,,,
,股票,表決權信托憑證,表決權信托憑證是指一種可轉讓的憑證，證明股票已存入表決權信托，確認股東已放棄其表決權利。,,,
,股票,背離信號,"指在股價、成交量、均線、指標等多元因素不斷運行變化過程中,這些因素中的任意兩種因素產生不同的運行方向就形成背離信號。",,,
,股票,倍數壓縮,倍數壓縮指雖然公司盈利良好，但股價不變，甚至下跌，造成市盈率下跌，但其實公司的基本面並沒有問題的情況。股票的估值值得商榷，其實唯一不同的是投資者願意對這種股票支付的價格。,,,
,股票,倉位,倉位是指投資人實際投資和實有投資資金的比例。,,,
,股票,次級移動,次級移動是指市場行情在初期發生變動基礎上所做出的反應性變動，又稱“次級反應與回覆”(Secondary Reactions and Rallies)，是道氏理論(Dow Theory)的三個基本前提之一。次級移動是對基本趨勢的反動，干擾了主要趨勢的發展，在多頭市場，它表示為上升中的下跌，在空頭市場，它是反彈，通常要持續2周至9個月。,,,
,股票,除權除息日,除權除息日是指上市公司發放股息紅利的日子，股權登記日下一個交易日即是除權除息日。,,,
,股票,催化劑事件,指導致股價脫離過去走勢出現大幅上漲或下跌的事件。,,,
,股票,炒股,炒股就是買賣股票，靠做股票生意而牟利。炒股的核心內容就是通過證券市場的買入與賣出之間的股價差額，實現套利。股價的漲跌根據市場行情的波動而變化，之所以股價的波動經常出現差異化特征，源於資金的關註情況，他們之間的關係，好比水與船的關係。水溢滿則船高（資金大量涌入則股價漲），水枯竭而船淺（資金大量流出則股價跌）。買了股票其實就是買了企業的所有權。“股市有風險，入市需謹慎”這句話是每個投資者都應該牢記在心的。,,,
,股票,重組股,重組股是指由於業績不佳或其它原因，正在被重新組織、重新整合過程中的股票。,,,
,股票,超短線,短線就是買進後，持股時間較短而獲利相對較高的一種操作方法。然而持股時間的長短是一個相對量，我們一般把持股時間在1-2天的短線操作，稱為超短線。,,,
,股票,沖高回落,沖高回落是指當日股票當日急速無量上漲，然後帶量下跌。分時圖走勢為先揚後抑，一般為早盤拉高，然後慢慢下滑，收盤拉出一根上影線。,,,
,股票,持有人,在結算中指持有票據(匯票、支票或本票)並有權要求按票據給定的金額得到相應貨幣支付的任何人。一般來說，持票人可以是票面上所記載的受款人(Payee)、經前手特別背書(Special Endorsement)後而取得票據權益的受背書人(Endorsee)、不記名匯票(Bearer Bill)的持有人和經前手空白背書而取得票據的受讓人,,,
,股票,初級移動,初級移動又稱主要趨勢(Major Trend)。是道氏理論(Dow Theory)的三個基本前提之一，特指市場行情最初發生的變動及其所表明的市場走勢。如果初級移動所代表的是市場行情的長期上漲趨勢，通常都是指多頭市場。如果它所代表的是長期下跌趨勢，則常常指空頭市場。,,,
,股票,持股結構,持股結構是指股票投資者持有股票的品種結構。主要是看持有績優股、成長股與績差股、淘汰股的比例是否恰當。績優股、成長股的股價較高，波動幅度較小，適於中長線投資；績差股、淘汰股的股價較低，波動幅度較大，適於短線投資。投資者欲獲取高收益，主要應持有適於中長線投資的績優股、成長股，而對適於短線投資的有題材的績差股則應適時進行有利於在短期內獲取高收益的品種調換。,,,
,股票,持股成本,持股成本是指股東為取得手中的投票所付出的代價。就最一般的意義而言，持股成本就是股票的現行市價，因為股東通常是從市場上買入股票。,,,
,股票,持續性缺口,指漲升或下跌過程中出現的缺口，持續性缺口常在股價劇烈波動的開始與結束之間一段時間內形成。,,,
,股票,炒新股,炒新股是指在新股上市首日進行買入交易，擇時賣出，從中賺取收益。,,,
,股票,參與分配權,是優先清算權的另一部分，是指創業家需要在評估交易的價值時按比例計算。優先股參與分配權決定著在初次優先權之後如何向投資者分配剩下的權益。,,,
,股票,除牌,除牌是指取消上市公司股票在交易所售賣權的行為。股票的上市公司因不按時呈交財務報告、不按時出年報，或小向股東交代公司的重要變動等特殊情況，交易所視事件嚴重程度實施除牌、停牌等干預措施。,,,
,股票,差額買入,差額買入是指在證券交易所內，經紀人收到的買人某種股票的指令超過了他收到的賣出該種股票的指令，此時，他可以將買入與賣出股票的數量相抵消，然後儀將買人超過賣出部分的差額買入。,,,
,股票,成交手數,成交手數是指買賣在二級市場上雙方達交易成所表現出來的股票的數量。現在股票交易所用手方便表示成交數量，各類炒股軟體中的成交量一般用“手”表示，一手等於一百股。,,,
,股票,錯配,"1、債務期限與投資時間之間的顯著差異,比如以短期債務為長期投資融資,會有資金周轉不靈的風險；2、指在交易市場上，空頭交易頭寸與多頭頭寸不相配的情況。在市場投資中，錯配通常會導致風險和損失，但也相對的，有時候也會帶來意外的收益。",,,
,股票,創業板超募,創業板超募是指發生在創業板的超募資金現象。在中國，企業上市計劃募集資金額度是由發行比例、凈利潤以及市盈率三個因素決定的。其中，招股說明書中需寫明發行比例，一旦確認，就無法根據市場情況隨時更改，若有改動，就要重新過會發審委。創業板的超募現象，是中國證券市場的一個突出現象，需要說明的是，超募並不只是創業板的特有現象，主板和中小板也同樣存在超募現象，但與主板、中小板存在的超募現象相比，創業板的超募更為典型並有其獨特的特點。,,,
,股票,除息價格,除息價格是指在金融中，相對於債券的含息價格而言的，指債券除去應計利息（自上次付息日以來所累積的利息）的價格。一般來說，除息價格如果發生變化，一般是因為經濟原因，如利率變化或債券發行除息報價=股息登記日收盤價-每股現金股利(股息),,,
,股票,炒地圖,炒地圖指在國家區域經濟政策或區域大事件的影響下，股市中相關區域的 上市公司股價上漲，股民為牟利而爭相購買該股票的行為。,,,
,股票,場外配資,場外配資是指融資融券以外的，所謂的股票配資公司公開的借錢炒股。,,,
,股票,承銷利差,承銷利差是指證券經營機構在規定的發行有效期限內將證券銷售出去所帶來的收益與該項投資的成本的差額。承銷利差是隨著用收益率標準差衡量的證券總風險的增加而增加的。,,,
,股票,除凈日,除凈日”是香港市場術語，內地市場術語叫“除權日”，英語叫做Ex-date。在股市指一個特定日期，如果某一上市公司宣佈同時派發股息及其它非現金權益(例如紅利股份、紅利認股權證、以折讓價供股等)，在除凈日之前一日持有它的股票的人士(即股東)可享有全部該等權益，在除凈日當日或以後才買入該股票的人則不能享有該等權益。除凈日與除息日、除權日是同一概念，它們的差別在於涉及權益的形式。由於在除凈日當日買入股票的人已不能享有該等權益，交易所會在除凈日開市前自動把該股票的上一交易日收市價扣減該等權益的價值，定為該股票的開市參考價。,,,
,股票,承諾收益率,指一些理財機構為了讓其產品取信於投資者而事前向購買方承諾該理財產品的收益率能夠達到一定的標準或者高度。承諾收益率利用了投資者渴望高回報的心理，在中國法律上是禁止的，如《證券投資基金法》明令禁止基金管理人“向基金份額持有人違規承諾收益或者承擔損失”。,,,
,股票,倉位管理,倉位管理是指根據個股機會好壞和大盤環境決定動用倉位的大小。,,,
,股票,倉位控制,指根據當前市場狀況決定投入股市資金所占的比例。倉位控制事實上是一種風險控制的手段。,,,
,股票,炒礦隊,這群人通常聯合作戰，共同進退；同時他們只對礦業股題材情有獨鍾，不碰其他股票，還在另外兩隻礦業股上大獲其利；而且每當他們重倉買入之後公司都會有重磅利好公佈，我們暫且稱其為“炒礦隊”,,,
,股票,抽血效應,抽血效應”是一個比喻，在新股發行時，當前市場就會流出大量資金去申購新股，造成二級市場上的存量資金減少，大盤指數也會相應下跌。這就是將市場上的資金比喻成血，資金被大量抽出買新股，就像一個人被抽出一分部血液，精神狀態也相應地不如平時那麼好，所以，就是抽血效應。,,,
,股票,長陰,股票中長陰是指大盤指數每天往下進行震蕩跌。由跌不多，第二天又漲一點的大盤指數及相關數字。長陰，股指走勢一樣也是先升後回落落下的數據表示現象。 　,,,
,股票,搭配增資,是指股份公司向原股東分攤新股時，僅讓股東支付發行價格的一部分就可獲得一定數額股票的方式。,,,
,股票,打新股,指不是以長期投資持有為出發點來參與新股IPO申購，而是在新股上市後立即賣出的交易行為。,,,
,股票,單位股本資本成+C221本,普通股和少數股東權益的機會成本。,,,
,股票,底部放量滯漲,指股票在相對底部橫盤數日之後，突然出現放量，但是大盤指數或者個股股價，沒有明顯上升，大盤股票和個股股價的上漲幅度和成交量的放大幅度不匹配。底部放量滯漲一般是由於主力在試盤，看上方拋壓的大小，當然對於個股的底部放量滯漲也有可能是個股長時間沒有主力關註或者是個股解禁出現放量，但是這種情況極少，這就需要對於底部放量滯漲現象具體問題具體分析。當大盤和個股出現底部放量滯漲時，投資者一定要分析底部放量滯漲是技術反彈需要還是莊家試盤所致，根據底部放量滯漲的具體原因具體分析，然後再根據底部放量滯漲操作技巧進行相應的操作，但同時需警惕底部放量滯漲的風險。,,,
,股票,低位放量滯漲,低位放量滯漲指股票在相對低位徘徊數日，突然一天出現量能超過前期，但是價格卻沒有明顯上升，股價的上漲幅度與成交量的幅度不相匹配，一般碰到這樣的情況是由於主力試盤的跡象，看拋壓的大小，當然也有另一種情況，就是一隻股票長時間沒有主力關註或者解禁，出現放量，這樣的情況屬極少數，這需要具體問題具體分析。,,,
,股票,對敲轉賬,指經紀商以低價買進股票，並收了客戶的佣金，再以高價售給另一客戶，從中再賺取差價利潤，這是轉賬交易的一種方式。,,,
,股票,低碳板塊,低碳經濟股板塊，是指以低能耗、低排放、低污染為基礎模式的板塊，其實質是提高能源利用效率和創建潔能源結構，核心是技術創新、制度創新和發展觀的轉變,,,
,股票,大盤跳水,指大盤指數短時間內從高點短時間內降到低點(即短時間內，從高點位到低點位的差值過大），造成綜合指數瞬間暴跌的現象。,,,
,股票,對倒拉升,"指坐莊主力通過幾個不同賬戶之間自買自賣造成盤口買方虛假強勢，誘導散戶投資者跟風買入,達到使股價快速沖高的目的的操作行為。對倒是主力與主力之間通過協商，一方把籌碼倒給另一方，通常發生在某一個價位區域，但實際成交的價格與協議的價格有相當差異。",,,
,股票,單邊行情,指股市中的股指走勢只朝著一個方向，或者是只漲不跌，或者是只跌不漲的情況。單邊上漲，或者單邊下跌，盤內不會有大幅震蕩，當然小幅震蕩是難免的，但是大的趨勢是永遠朝著一個方向。單邊行情，有瀑布式的單邊，也有鋸齒行情，逐步上行或下行的單邊是指某天或某段時間內，股票或行情幾乎不發生任何調整，直接向上或者向下的行情。,,,
,股票,大單壓盤,指利用大筆的資金將股價壓制在一個較低的位置，以便於其在低位吸籌，降低自身買入成本的行為。,,,
,股票,大單托盤,指股票交易中有較大的單在買委托中出現的情況。,,,
,股票,對敲出貨,指主力利用較大的手筆大量對敲，製造該股票被市場看好的假象，蓄意串通，按照事先約定的方式或價格進行交易或互為買賣，通過震倉洗盤、價格拉升達到預計要求，股評家也都長線看好，股價再次以巨量上攻，這時主力開始出貨，從盤口看往往是盤面上出現的賣二，賣三上成交的較大手筆。,,,
,股票,多空分歧,指看空者與看多者均無法達成一致，導致大盤只是在一個狹窄的區間里波動，上下兩難。,,,
,股票,放空比率,放空比率是指計算一個特定時點，個別股票或整個市場融券放空的數量占一段時間內平均成交量的比值，也就是說，當所有融券戶要回補股票時，所需的大約天數。,,,
,股票,定增產品,基金專戶資產管理計劃把投資者的資金通過項目募集的方式申購定向增發的股票。,,,
,股票,對沖策略,指同時在股指期貨市場和股票市場上進行數量相當、方向相反的交易，通過兩個市場的盈虧相抵，來鎖定既得利潤（或成本），規避股票市場的系統性風險。具體做法是，已持有股票組合的投資者，預期股市面臨下跌風險，但手上持有的股票難以在短時間內迅速賣出，那麼就可以在期貨市場上賣空一定數量的股指期貨，如果大盤下跌，股指期貨交易中的收益可以彌補股票組合下跌的損失，達到分散股票市場下跌風險的目的。,,,
,股票,大單凈量,指大單凈買入股數與流通盤的百分比比值。,,,
,股票,低位吸貨,"指在價格下跌後以較低的價格買進,放貨是指在高在價位有次序的賣出。",,,
,股票,大單掛單,指一種相對定式的盤口信號。,,,
,股票,多頭對沖,如果投資者在未來一段時間內(如3個月)有現金流流入，計劃購買國債，擔心利率下跌帶來國債價格上漲，導致構造成本增加，投資者可以購買國債期貨多頭合約對沖特定時間內國債價格上漲的風險。,,,
,股票,短線選股,指投資者若能掌握大盤企穩時，炒短線的時候對股票的選擇。,,,
,股票,頂背離,指股價（指K線）是上漲的，高點一個比一個高，均線也是一波一波向上排列的，而指標（MACD或KDJ都可以）卻是向下的，即一波一波向下走，高點一個比一個低，這就說股價與指標背離了，叫“頂背離”,,,
,股票,底背離,指股市中，如果股價（指K線）是下跌的，低點一個比一個低，均線也是一波一波向下排列的，而指標（MACD或KDJ都可以）卻是向上的，即一波一波向上走，高點一個比一個高，這就說股價與指標背離了，叫“底背離”。,,,
,股票,動態盤口,指買盤顯示單、賣盤顯示單、成交盤。,,,
,股票,大盤黃線,指不考慮股票盤子的大小，而將所有股票對指數的影響看作相同而計算出的大盤指數。大盤不含加權的指標，即不考慮股票盤子的大小，而將所有股票對指數影響看作相同而計算出來的大盤指數。,,,
,股票,大盤白線,大盤白線表示大盤加權指數，證交所每日公佈的大盤實際指數。,,,
,股票,戥倉,指持大量股票者，估計股市將會下跌，但不想賣出股票，又想減輕風險，就沽出一定數量的期貨對沖，叫做戥倉。,,,
,股票,頂格申購,每隻新股都設置有申購上限，如果申購的股數達到了申購上限就叫頂格申購。比如一支新股每個賬戶的申購上限是30000股，在申購了30000股後就是頂格申購。,,,
,股票,大小非減持,是非是指非流通股，由於股改使非流通股可以流通。持股低於5%的非流通股叫小非，大於5%的叫大非。非流通股可以流通後，他們就會拋出來套現，就叫減持。因為大非一般都是公司的大股東，戰略投資者，一般不會拋，小非則是許多年的不流通，一但流通，又有很大獲利，很多都會套現的。,,,
,股票,斷崖式下跌,指股票或價格突然遇到比現在價格低一定幅度的大量拋盤，然後股價就一直在拋盤價位成交。相反的，“斷崖式上漲”用直線拉升來形容。,,,
,股票,大策略內參,行股10多年曆經三輪大型牛熊市的團隊為滿足廣大投資者對技術獨特、理念先進，並且具備高實戰性和高準確性股票內參軟體的迫切需求。,,,
,股票,多因數投資策略,多因數策略是一種應用十分廣泛的選股策略，其基本思構想就是找到某些和收益率最相關的指標，並根據該指標，建一個股票組合，期望該組合在未來的一段時間跑贏或者跑輸指數。如果跑贏，則可以做多該組合，同時做空期指，如果是跑輸，則可以做多期指，融券做空該正與向阿爾法收益組合，賺取反向阿爾法收益。多因數模型的關鍵是找到因數與收益率之間的關聯性。,,,
,股票,低位量價齊升,指在空頭市場中，出現一波量價均能突破前一波高點的反彈時，往往表示空頭市場的結束,,,
,股票,低位量堆地,股票的成交量變化在底部時一般有兩種特征：一種是成交量在低位底部從某天起突然放大，然後保持一定的幅度，幾乎每天都維持在這個水平，在日線圖上股價小幅上漲，下跌時常常出現十字星狀；另一種是成交量從某一天起逐步放大，並維持這種放大趨勢，股價常常表現為小幅持續上漲，說明主力已沒有耐心或時間來慢慢進貨，不得不將股價一路推高邊拉邊吸。 這叫做低位量堆地。,,,
,股票,兜底式增持,"指A股在一次又一次的下跌後，為了表現自己的護盤決心，不少上市公司董事長或大股東發出了諸如""虧了算我的""這樣的護盤強音。即，本公司員工因增持自己公司股票產生的虧損，將予以全額補償；收益則歸員工個人所有。",,,
,股票,短線投機,"短線投機十分忌諱低位補倉,常常是越買越套，越補越多，最後不可收拾。短線投機急功近利，判斷對了馬上就賺錢，這是對你判斷正確的獎賞。錯了馬上就要認賠，止損出局。",,,
,股票,二日反轉,二日反轉是一種從反轉過程所需時間的角度來定義的反轉形態，指市場價格的反向走勢要經過連續兩日才最後確定下來的反轉行情。,,,
,股票,二次探底,指有部分股民是在股價的底部由於恐慌而割肉出逃，但是也有部分股民是在股價底部過後，擔心再度出現之前的下跌，在股價稍有上漲以後賣出股票，因此有時股價出現底部之後，會在短時間之後再度出現一個底部，這個過程被稱為二次探底，二次探底是普遍存在的。如果股價在二次探底的時候，不突破原先的低點，那麼我們認為股價在之後將穩定上漲，否則仍將存在跌勢。所以簡單而言，“二次探底”就是說經濟狀況可能比前段時間出現的經濟危機變得更糟糕。,,,
,股票,惡性增資,指當一項投資項目已投入了大量資源(產生了不可輓回的沉澱成本)且前景堪憂時，企業決策者並沒有果斷終止，反而繼續增加投資，從而造成更為嚴重的損失。,,,
,股票,二八轉換,指大盤藍籌板塊與中小市值板塊的熱點轉換。,,,
,股票,二級分倉,指信托或資管計劃依托於配資系統設立一隻母賬戶之後，將其旗下子單元賬戶進行的二次拆分，並以二級子賬戶提供配資、交易的業務模式。,,,
,股票,非系統風險,稱非市場風險或可分散風險。是指只對某個行業或個別公司的證券產生影響的風險，它通常是由某一特殊的因素引起，與整個證券市場的價格不存在系統、全面的聯繫，而只對個別或少數證券的收益產生影響。是發生於個別公司的特有事件造成的風險，例如，公司的工人罷工，新產品開發失敗，失去重要的銷售合同，訴訟失敗或宣告發現新礦藏，取得一個重要合同等．,,,
,股票,放量下跌,單來說，就是在股價下跌的同時，成交量也同時放大（與前幾個交易日相比較）。所謂放量是指放大了成交量，比如平常每天成交量是幾百萬手，突然一天成交量達到幾千萬手，這就叫放量。放量交易是代表了這隻股票會出現行情，或漲或跌那就要具體的分析。放量或縮量從任何軟體當然是指股票軟體上都會看到的。,,,
,股票,反稀釋條款,用於優先股協議中的一個條款，是指在目標公司進行後續項目融資或者定向增發過程中，私募投資人避免自己的股份貶值及份額被過分稀釋而採取的措施,,,
,股票,反轉日,指市場行情發生反轉性變動的交易日。反轉日通常發生在市場行情變動曲線的頂部或底部。,,,
,股票,發售日,發售日是指證券承銷商或集團承購證券後開始向社會公眾出售證券或股票的首發日,,,
,股票,發散形,指市場價格走勢在接近某一高點或低點後，不再繼續向這一點收斂(Convergence)，而是在接近這一點前開始出現離散傾向，從而使市場行情變動曲線呈現一種反收斂的狀態。,,,
,股票,反向操作投資人,反向操作投資人是指那些看法與市場多數意見相反，操作方向與當前趨勢相逆的投資人。 例如，在大部分市場人士仍在積極拋售股票時，反向操作者會擇機買進，因其相信賣壓可能已接近完全釋盡，或者市場已進入超賣狀況。,,,
,股票,反向股票分割,指將公司已發行的股份數量縮小至少量股份，而股東所持股份的比例不變，亦不會對股東造成損失。這不如股票分割常見，通常只在股價較低時出現。這一行動會抬高股票的名義價格，但不會影響股票的價值，因為每一縮小數量的股份卻代表對公司更多的所有權，也稱“逆股票分割”(negative stock split)。,,,
,股票,風格輪動,指股票市場中具有對立分類屬性的股票池的走勢相對強弱隨市場狀況變化而變化的現象。,,,
,股票,放量震倉,由於成交量和股價的關係以及某些利空因素或股價大幅下跌所致，引起了低成本獲利盤的集中拋出，因此造成了放量的現象，即形成放量震倉。,,,
,股票,放量,量是成交量，成交量比前一段時間成交明顯放大。例如，昨天全天的成交量是1億，今天忽然變成4億了，就是放量。如果今天變成了1.1億，就不算。放量是相對而言的，昨天1億，今天變成1.5億，你也可以說它放量了。,,,
,股票,放量上漲,指成交量大幅增加的同時，個股的股價也同步上漲的一種量價配合現象。量增價漲通常是在股價在低位狀態下運行一段時間，後出現在上升行情中，而且大部分是出現在上升行情的初期，也有小部分是出現在上升行情的中途。,,,
,股票,ABI 指標,"即絕對廣量指標，屬於大勢型的動量指標。本指標不以價格趨勢為目標，主要的設計目的，是為了偵測市場潛在的活躍度。可以將ABI想像成“極端指標”，ABI的數據越高，表示整體市場的漲跌家數差異越大。一般情況下，市場行情有漲有跌，而上漲家數多於下跌家數，或者下跌家數多於上漲家數，原本就是正常現象。但是，當上漲家數與下跌家數的差異大幅增加時，則另外有其特殊的意義存在。由於行情大漲或大跌的關係，股市通常容易出現漲跌一面倒的行情，而ABI指標正是針對這種""極端""行情而設計的。",,,
,股票,阿姆氏指標,ARMS屬於大勢指標，是一種判斷整體股市反轉點的分析工具。本指標是以上市公司漲跌家數的比例，結合漲跌股數成交量比率，對照兩存之間關係的變化，所求出的一條比率線。這一條比率線，可以偵測成交量的流向。當ARMS指標低於1時，代表大部分成交量流向上漲股。相反的，當指標高於1時，代表大部分成交量流向下跌股。換句話說，當指標低於1時，一般被視為客人市場。指標高於1時，一般被視為空頭市場。,,,
,股票,艾達透視指標,是一種新的技術指標，它是由專業的投資家、知名技術分析師以及開業的精神醫師亞歷山大·埃爾德(Alexander Elder)博士在1989年所設計，其名稱由來是源自於X光，醫生透過X光觀察表層皮膚之下的骨骼結構，交易者可以經由艾達透視指標，觀察市場錶面之下的多頭與空頭力道。,,,
,股票,安德魯斯中數軌道,是由艾倫·安德魯斯博士首創。該方法又稱“安德魯斯長叉”、“中線法（ML）”、“安德魯斯直線”、“阻擋中線（M.L.R）”等。,,,
,股票,阿隆指標,是由圖莎爾·錢德（Tushar Chande)發明的，它通過計算自價格達到近期最高值和最低值以來所經過的期間數，幫助投資者預測證券價格從趨勢到區域區域或反轉的變化。阿隆指標是1995年發明出的指標。在技術分析領域中，有一個說法，一個指標使用的人越多，其效力越低。如果這種說法成立，越晚面市低指標，效果越好。,,,
,股票,ABV指標,主要表示不同時間段資金量的對比變化，並從這種變化的相互關係中更明確地表達資金量的增減變化，從而有效地判斷主力資金進出股票的狀況。,,,
,股票,BOLL指標,又叫布林線指標，其英文全稱是“Bolinger Bands”，是用該指標的創立人約翰·布林格(John Bollinger)的姓來命名的，是研判股價運動趨勢的一種中長期技術分析工具。,,,
,股票,寶塔線指標,寶塔線指標又稱為TOWER指標是以（虛體，實體）的實體棒線來劃分股價的漲跌，及研判其漲跌趨勢的一種線路，也是將多空之間拼殺的過程與力量的轉變表現在圖中，並且顯示適當的買進時機，與賣出時機。TOWER指標是一種與K線及點狀圖相類似並註重股價分析的中長期技術分析工具。,,,
,股票,擺動指數,擺動指數(或稱震蕩量指標)是計算當日收市價與「N」日的平均收市價之比率。震蕩量是動量指標的另一表現形式，一般用百分比值來加以計算。其內涵是以當日收盤價除以N日前收盤價，再乘以100。擺動指數主要有3種：RSI（相對力度指數），KDJ（隨機指數）和MTM（動力指數）。,,,
,股票,CR指標,又稱價格動量指標，它能夠大體反映出股價的壓力帶和支撐帶，彌補AR、BR的不足,,,
,股票,承接因數指標,"從籌碼分佈演化而來的一個指標，其市場含義就是以當天的換手率需要多少天才能把這些籌碼都承接下來，其取值範圍是【0,＋∞】。從該指標的定義和演算法可看出，承接因數越大，意味著以較小的成交量就可維持較大的獲利盤，說明市場上持股者的信心比較強。",,,
,股票,成本均線,在計算中考慮了成交量的作用，可以真實的反應最後的持股人的成本。CYC指標分5日、13日、34日及∞（無窮）四條線，前三條線為市場交易中大盤或某隻個股最近該日內買入股票者的平均建倉成本，∞線是大盤或某隻個股所有持籌者的平均建倉成本。,,,
,股票,籌碼分佈指標,（CYQ）是將市場交易的籌碼畫成一條條橫線，其數量共100條，該橫線在價格空間內所處的位置代表指數或股價的高低，其長短代表該價位籌碼數量的多少。該指標由陳浩於1997年發明，並被投資者所知。詳情可見《籌碼分佈》一書。,,,
,股票,籌碼鎖定指標,又叫鎖定因數，英文全稱Lock Factor of Stock，縮寫LFS。投資者買入股票後，就會有兩種行為：一是繼續持股，二是實施賣出。一般來說，這兩種行為之間存在一定的比例關係，籌碼鎖定指標就是體現這兩種操作行為的比例。如果持籌的比例增大表示鎖定加快，反之賣出的比例增大則表示解鎖加快。在指南針軟體里，LFS的取值範圍理論上是（0，100），但是實際上，LFS大於90，小於10都是很少出現的。,,,
,股票,成本帶寬指標,是籌碼分佈指標（CYQ）的籌碼線在價格空間內最上面一根至最下麵一根的距離，表示籌碼分佈的寬度，其值大則表示尚有炒作空間，仍可震蕩運行，值小說明已無炒作空間，需尋求突破。,,,
,股票,成交量標準差,VSTD指標又名成交量標準差，標準差是一種表示數據分散程度的統計學概念，主要是根據數據在一段時間內的波動情況計算而來的，用於描述數據的離散程度，標準差已廣泛運用在金融證券的統計分析方面。標準差是一種表示數據分散程度的統計學概念，主要是根據數據在一段時間內的波動情況計算而來的，用於描述數據的離散程度，VSTD指標最顯著的作用是在於對股價頂部的研判。成交量標準差（VSTD）就是求N周期成交量的估算標準差，該指標可很好追蹤成交量放大和縮小的趨勢。,,,
,股票,移動平均成交量指標,VOSC指標，它並非僅僅計算成交量的移動平均線，而是通過對成交量的長期移動平均線和短期移動平均線之間的比較，分析成交量的運行趨勢和及時研判趨勢轉變方向。,,,
,股票,成交動量指標,是動量指標（MTM）的變異，類似於成交量的動量指標。它計算一段時間上成交量(平均值)的比值，用以反應成交量的變化情況。,,,
,股票,成交積累,是能量潮指標（OBV）的一個變化。它不是簡單地根據收盤價的升跌來累積成交量，而是根據收盤價與最高價／最低價的關係來確定累積成交量的值，試圖更好地反映成交量累積在價格升跌方向的趨勢,,,
,股票,長下影陽線,指開盤後股價一度深跌，在低位時被買盤承接並有力上托，以一根帶長下影線的陽K線紅報收。空方力量一直非常強大，向下大幅打壓股價，但隨後股價卻被更為強大的多方力量向上推進，不僅收復了空方領地，而且使股價收陽。當長下影陽線出現於低價區或中價區是一個可信度較高的買入信號。,,,
,股票,長上影陰線,買方力量一度非常強大，將股價大幅拉升，但是在隨後多空力量的抗衡中空方占了上風，將多方苦心經營的戰果奪回，並使收盤價收在了前收盤之下。,,,
,股票,帶帽陰線,帶帽陰線是一種先漲後跌型K線。開盤後買方占上風，股價上漲，但在高價位區拋盤涌出，多方敗退，賣方一舉占居主動，以全日最低點收盤，多方全線套牢。,,,
,股票,多頭貫穿,多頭貫穿出現在一輪跌勢的末期，陰線一般為力量十足的長陰線，陽線一般低開卻最終收於陰線的中點以上，陽線越深入陰線的實體，形態就越具多頭意義。如果陽線的收盤價未超過陰線的中點，那麼應該等待隔日價格走勢的變化進行確認,,,
,股票,低位三條大陰線,指股價持續下跌一段時間後，在低位連續出現的三條較大的陰線(見下圖)。三條大陰線的出現，表明股價已跌近底部，後市會出現幾天的反彈行情，可在此買進股票，做一波短差收益。,,,
,股票,低位縮量兩顆星,首先股價在底部區域經歷了一段低迷時期，成交量也極度萎縮，此後進入複蘇期，伴隨成交量逐步放大，股價也緩緩上升到了一個新高度，但離底部區域並不遠。之後股價又開始了一段時期的盤整，成交量也漸漸縮小到接近啟動前的成交量。此時一切似乎都已趨於平靜，但往往預示著暴風雨即將來臨。當股價出現連續幾日震蕩上揚，伴隨放大的成交量，投資者就應密切關註。隨後股價又再度盤整兩天，日K線收出了兩根小陰星或小陽星，意味著主力在大幅拉抬前做最後的洗盤工作。兩顆小星線就象是總攻前發出的兩顆信號彈，多方將展開一輪凶猛的進攻。投資者如果能及時發現此信號，可以很舒服地搭一段順風車。,,,
,股票,基準點分析,樞軸點分析，是配合點數圖進行市場行情分析的一種重要方法。基準點分析有助於幫助市場交易人士正確判斷潛在支撐和阻力水準，以正確確定入市策略。,,,
,股票,成交量平均線指標,是指以成交量平均數來研判行情趨勢的技術指標。,,,
,股票,動量指標,又叫MTM指標，其英文全稱是“Momentom Index”，是一種專門研究股價波動的中短期技術分析工具。,,,
,股票,動向指數,又稱動向指標、趨向指標，股價在上漲及下跌過程中，藉創新高價或新低價的動能，研判多空買賣力道，藉以尋求多空雙方力道的均衡點，以及股價在多空雙方互動下，波動的趨劫循環過程。用以研判市場多空趨勢的指標，能預告「頭部確認」、「底部完成」的訊號，是為判斷波段走勢相當實用的技術分析方法。(資料來源:維基百科),,,
,股票,做價轉帳,轉帳交易的一種方式，是一種比較厲害的做法，一般是由某些投資集團操縱。他們先設兩個以上的帳戶，然後將自己帳戶中的某些股票價位拉高，拉鋸式地將股價抬高到頂峰狀態，而後大量拋出以吸引游資，等股票完全脫手，便再放這種股票不利的空氣，搞得人心惶惶，中小投資者紛紛大量低價拋售，他們抓住這個時機再大量購入，這種利用空頭原理、借轉帳手段以達到矇騙投資的行為，就叫做“做價轉帳”。,,,
,股票,調期轉帳,轉帳交易的一種方式。這種轉帳方式一般是因為投資者的“信用交易”融資期限將到，由於手頭不便，便將到期的股票出售，償還融資後再買進股票，這樣便延長了一次融資機會，這是延長信用交易的技巧。,,,
,股票,緊縮股,指投資者大量買進股票，因而信用交易膨脹而導致虧損。,,,
,股票,降低平均價格購買法,一種投資技術，是均衡成本投資法的一種。在股票價格下降時持續購進，以便降低所購股票的平均價格，待股價上升時實現利潤。,,,
,股票,平行線差指標,平行線差指標是目前股市分析技術指標中的一種中短期指標，它常用於大盤指數和個股的研判。,,,
,股票,迪馬克爾指標,主要用於預測未來股價的變化趨勢，適用於中短期波段趨勢的預測，並可提供買賣時機；同時，也適用短線操作。,,,
,股票,2B法則,指在股票的上升趨勢中，如果價格已經穿越或者非常接近先前的高(低)價而未能持續挺升，稍後趨勢又反轉回來，則趨勢很可能已經發生變化。2B法則里的B的意思就是Breakout(突破)。第一個B是突破先前的高位，豈料它是假突破，那個高位沒有形成支持，這回又跌破那個高位，那麼就是第二個B。,,,
,股票,鱷魚線,運用分形幾何學和非線性動力學的一組平均線（實際上就是一種比較特別的均線）。它分為藍、紅、綠三條。藍線被稱為鱷魚的顎部，紅線被稱為鱷魚的牙齒，綠色被稱為鱷魚的唇吻。它們的構造方法如下：顎部——13根價格線的平滑移動均線，並將數值向未來方向移動8根價格線；牙齒——8根價格線的平滑移動平均線，並將數值向未來方向移動5根價格線；唇吻——5根價格線的平滑移動均線，並將數值向未來方向移動3根價格線。,,,
,股票,分時走勢圖,它是把股票市場的交易信息實時地用曲線在坐標圖上加以顯示的技術圖形。坐標的橫軸是開市的時間，縱軸的上半部分是股價或指數，下半部分顯示的是成交量。分時走勢圖是股市現場交易的即時資料,,,
,股票,範圍膨脹指數,範圍膨脹指數（REI）對股價上升和下降階段的變化非常敏感，但在股價橫向盤整階段或股價急升和暴跌時卻無大的變化。該指標主要用於預測股價的未來走勢，並提供買賣時機，發出信號的準確率很高；但由於發出信號頻率較低，所以一般不宜單獨使用，應結合其他指標綜合研判。,,,
,股票,等級股票,公司經過一定階段的發展，計劃發行更多的股票籌集資金以擴大業務。但為了保持原有股東的全部權益和特權，將原發行股票與新發行股票分別定級，認購新發行股票的股東將不享有某些權利。,,,
,股票,撮合轉帳,轉帳交易的一種方式。股票經紀商同時接受兩戶以上同類同價同量的買賣委托時，很順理成章地給他們相互轉帳調配，買賣雙方稱心如意地相互交換股票，而經紀商居中一轉手便賺了兩筆佣金，三方皆大歡喜，有時買賣雙方在量、價、類上有些出入，那麼經紀商就會從中調劑，把交易做成。,,,
,股票,乖離率,簡稱Y值，是移動平均原理派生的一項技術指標，其功能主要是通過測算股價在波動過程中與移動平均線出現偏離的程度，從而得出股價在劇烈波動時因偏離移動平均趨勢而造成可能的回檔或反彈，以及股價在正常波動範圍內移動而形成繼續原有勢的可信度。,,,
,股票,估波指標,通過計算月度價格的變化速率的加權平均值來測量市場的動量，屬於長線指標。,,,
,股票,股東整體回報率,衡量上市公司價值創造能力的一個重要指標，等於股票在持有期間內的資本性收益加上股東所獲得的股息。,,,
,股票,KD指標死叉,是在KD的基礎上，對D再進行一次平滑，這次選擇的平滑工具是移動平均，而不是指數平滑。 Slowed KD中的K就是KD中的D，Slowed KD中的D是KD中的D的值移動平均。我們知道，經過平滑的比未經過平滑的慢，所以Slowed KD同KD的本質沒有什麼不同。,,,
,股票,麥克連指標MCL,本指標是一種市場廣量指標，藉平滑漲跌家數差值製作而成。 MCL指標是除了ADL指標之外，投資人最常採用的廣量指標。指標利用上漲或下跌家數變化，結合成交量為主要計算因數者，都可以稱之為 “廣量”指標。廣量指標又有以下兩點含義：,,,
,股票,MACD指標,根據均線的構造原理，對股票價格的收盤價進行平滑處理，求出算術平均值以後再進行計算，是一種趨向類指標。運用快速（短期）和慢速（長期）移動平均線及其聚合與分離的徵兆，加以雙重平滑運算。而根據移動平均線原理髮展出來的MACD，一則去除了移動平均線頻繁發出假信號的缺陷，二則保留了移動平均線的效果，因此，MACD指標具有均線趨勢性、穩重性、安定性等特點，是用來研判買賣股票的時機，預測股票價格漲跌的技術分析指標 。,,,
,股票,慢速隨機指標,慢速隨機指標（SLOWKD或SKD）優化了KD指標，通過差值平均過濾了短期的波動，使每次買賣點的趨勢反應避免了不必要的失誤。通常設SLOWKD參數為（36，5）,,,
,股票,MCO大盤指數指標,MCO大盤指數指標實際上是從MCL麥克連指標和MSI麥氏綜合指標進化變異過來的一種新指標，其原理與麥氏指標是相同的，只不過麥氏指標計算的是加權移動平均數，而MCO大盤指數指標計算的是指數平滑移動平均數。另外，MCO大盤指數指標更加突出的使用兩條移動平均線之差來研判行情。,,,
,股票,每股收益增長率,"在判別個股的成長性方面，主要有三個指標：一是EPS增長率，二是PEG，三是銷售收入增長率，這是檢驗個股有無成長性的試金石，也是一般機構衡量個股成長性方面的三大核心指標。EPS增長率,即每股收益增長率,是指反映了每一份公司股權可以分得的利潤的增長程度。該指標通常越高越好。",,,
,股票,能量潮指標,能量潮指標（On Balance Volume，OBV）是葛蘭維（Joe Granville）於本世紀60年代提出的，並被廣泛使用。股市技術分析的四大要素：價、量、時、空。OBV指標就是從“量”這個要素作為突破口，來發現熱門股票、分析股價運動趨勢的一種技術指標。它是將股市的人氣——成交量與股價的關係數字化、直觀化，以股市的成交量變化來衡量股市的推動力，從而研判股價的走勢。關於成交量方面的研究，OBV能量潮指標是一種相當重要的分析指標之一。,,,
,股票,年相對價位指標,表示的是當日的收盤價相對於過去一年內最高價和最低價的相對位置。比如，某支股票過去一年中最高價20元，最低價10元，現價位15元，則RPY為50%。具體設計思想是：把過去一年的最低價看作是0，把過去一年的最高價看作是100，那麼當日的收盤價在?0，100?上的相對位置就是RPY。,,,
,股票,拋物線轉向,也稱停損點轉向，其全稱叫“Stop and Reveres，縮寫“SAR”，是由美國技術分析大師威爾斯·威爾德（Wells Wilder）所創造的，是一種簡單易學、比較準確的中短期技術分析工具。拋物線轉向是利用拋物線方式，隨時調整停損點位置以觀察買賣點。由於停損點（又稱轉向點SAR）以弧形的方式移動，故稱之為拋物線轉向指標。,,,
,股票,PEG指標,PEG指標即市盈率相對盈利增長比率，是由上市公司的市盈率除以盈利增長速度得到的數值。該指標既可以通過市盈率考察公司目前的財務狀況，又通過盈利增長速度考察未來一段時期內公司的增長預期，因此是一個比較完美的選股參考指標。,,,
,股票,PIVOT指標,PIVOT指標的觀念很簡單，不需要計算任何東西，它純粹只是一個分析反轉點的方法而已。PIVOT意思是指“軸心”，軸心是用來確認反轉的基準，所以PIVOT指標其實就是找軸心的方法。,,,
,股票,價量趨勢,指很巧妙地把能量變化與價格趨勢有機地聯繫到了一起，從而構成了量價趨勢指標。,,,
,股票,錢龍指標QIAN,該指標屬於超買超賣型指標，是錢龍指標系統中輔助短線交易的利器。錢龍指標能預報股價進入超買超賣區、可以幫助人掌握先機。錢龍指標平均線參數可自行設置，系統預設的原始參數為6。在技術圖表欄中，該指標以兩條曲線反映，其中白色曲線由6日錢龍指標值連接而成，黃色曲線為該指標的6日平均線。,,,
,股票,邱氏量法,依股價水平座標值，換算成成交量漲跌比例，將量與價同時導入公式運算後研製而成。本指標是價量類的錢龍經典指標，可視為另外一種形式的成交量，消除傳統成交量忽高忽低的不確定性，對於量價是否配合的問題，提供了相當可靠的參考。在常規的技術分析中有一種觀點：“量比價先”。當量能放大到最大的時候，常常意味著頭部的到來；當量能縮小到最小的時候，常常意味著底部的出現。但是常規的量能柱狀圖可能有模糊的概念，即當地量出現以後，大多數人認為底部即將出現，可是事與願違，股價常常盤整後又創新低，同時成交量也爆出更低量，讓人琢磨不透；反之在量能放大的時候也是如此。這使得由以上分析得出的結論常常出現失誤。,,,
,股票,錢龍短線指標,"表現形式類似平滑異同移動平均線（MACD）,由白色指標線和黃色均線構成，同時用紅、綠色的柱狀線表示指標強、弱趨勢。指標、均線、柱狀線都以0軸為強、弱勢的區分參考線。",,,
,股票,錢龍中線指標,做為大勢型的指標，C&A把價量放在一起統計，比只統計價的平滑異同移動平均線MACD有更好的趨勢提示作用。當C&A的紅柱呈現逐漸縮小的態勢、並且低於其線形平均線的話，就要時刻關註兩條線形平均線的交叉情況了。如果量能無法放大，必然意味著後續買盤力量的不足，線形平均線死叉走出下跌行情也就是必然的。當量能繼續放大，可以把後面的紅柱狀同前面的紅柱狀進行比較，如果出現背離的情況，代表浪形走完，可以等待紅柱跌破線形的時刻賣出。在綠柱的情況下，運用方式相反。,,,
,股票,錢龍長線指標,是一種加權的量價指標，其作用在於測量近期資金動向。應該是屬於中短線趨勢類指標。通過長線持有股票而獲得更大收益是一部分股民期望的投資方式，它既可以免去經常短線操作的浮躁心理，也能取得最大的利潤。但事實上，股民很難較為準確地預測和尋找類似的股票。可以用一些趨勢指標如平滑異同移動平均線（MACD）等來判斷，但效果可能並不理想。在這方面錢龍長線有它的特長。錢龍長線指標表現形式類似平滑異同移動平均線（MACD）和三重指數平滑移動平均指標（TRIX）等趨勢型指標，但更加強調一種趨勢的概念。該指標是由白色指標線和黃色均線構成，用紅、綠色柱狀線表示強弱趨勢，並力圖找到一種趨勢以及中長線的買入賣出點，在實踐中也顯示出更勝一籌的情況。,,,
,股票,區間震蕩線,一段周期的移動平均線，其周期的二分之一處，是價格重心的聚集點。以20天的周期為例，第10天是整段周期的重心平衡點。移動平均線的形狀，很像一條波浪狀扭曲的繩子，股價在這條繩子的周圍，上下來回穿梭。如果消除扭曲的波動，將這條繩子拉平，重心平衡點視為圖表上的0軸。把當日價格與重心平衡點間的差距，繪製於0軸的上下方。如此一來，可以更清楚的顯現出短周期的高、低點。假設移動平均線是長周期的迴圈，股價波動是短周期迴圈。那麼，大家可以發現，DPO指標為了避免長、短周期互相干擾，直接將移動平均線拉直後，當成0軸。然後依據Envelope軌道線的做法，在移動平均線（0軸）的上下方，以固定百分比的差距，設定兩條上限和下限，代表股價的超買超賣界限值。,,,
,股票,十字過濾線,作用在於分辨行情的種類，為了讓技術分析的訊號，充分的發揮功能，不同的市況，必須搭配不同的指標。如果指標的選擇錯誤，必然沒辦法得到好的操作結果。因此，辨別目前行情的地位，是每一位股民進行交易投資之前最重要的工作。VHF指標，解決了上述的問題，提供股民清晰明確的訊號，可以澄清“趨勢行情”與“箱型行情”的界限。經過VHF指標過濾後的行情，可以幫助股民選擇最佳的指標組合。,,,
,股票,雙乖離率,也是從移動平均線的原理派生出來的一種分析指標，它通過計算兩條移動平均線之間距度的變化，來推測價格的走勢。一般多採用3~6或6~12作短線進出,,,
,股票,舍子線,指股票在下躍行情中，跳空出現十字線，這暗示著築底已經完成，為反彈之應兆。由此我們可以從舍子線的圖形上來判斷股票的買賣時機。,,,
,股票,山寨陽線,"指大盤的指數未能真實的反映股市實際情況，而產生了含有虛高成分的陽線。2009年12月4日，滬深市再現久違的""二八行情""，當日有八成個股下跌，創業板跌幅尤為慘重，因此，12月4日的這根陽線，被許多股民稱為""山寨陽線""。",,,
,股票,騰落指數,以股票每天上漲或下跌之家數作為計算與觀察的對象，以瞭解股票市人氣的盛衰，探測大勢內在的動量是強勢還是弱勢，用以研判股市未來動向的技術性指標。,,,
,股票,TRIX指標,又叫三重指數平滑移動平均指標，其英文全名為“Triple Exponentially Smoothed Average”，是一種研究股價趨勢的長期技術分析工具。,,,
,股票,T形小陰線,股價經過短暫整理之後，即將再上一個臺階前的人貨信號。當幾個交易日後漲幅超過15％時，應考慮及時減磅離場。,,,
,股票,引力線UDL指標,指錢龍軟體Windows版分析系統根據指標的設計原理以及市場的實際情況，對原有指標進行了一些合理化的改進。,,,
,股票,威廉指數,利用擺動點來度量市場的超買超賣現象，所以可以此預測迴圈周期內的高和低點，找出其有效信號，是分析市場短期行情走勢的技術指標。計算時先要決定周期天數，用此數取一個買賣迴圈的半數。許多分析家認為一個買賣迴圈為28天，除開周六、日，實際交易日為20天。一個較長的買賣迴圈期為56天，除開周六、日，交易日是40天，如各取其一半正好是10天和20天。也有取5天周期來計算%R的。,,,
,股票,委比,委比是衡量一段時間內場內買、賣盤強弱的技術指標；是所有要買入的量與要賣出的量的比，不是已成交的。,,,
,股票,委差,"指股市某品種當前買量之和減去賣量之和。反映買賣雙方的力量對比。正數為買方較強，負數為拋壓較重。委買委賣的差值（即委差），是投資者意願的體現，一定程度上反映了價格的發展方向。委差為正，價格上升的可能性就大，反之，下降的可能性大。之所以加上""某種程度上"",是因為還有人為干擾的因素，比如主力製造的假象等。",,,
,股票,5日均線,"線指標實際上是移動平均線指標的簡稱。由於該指標是反映價格運行趨勢的重要指標，其運行趨勢一旦形成，將在一段時間內繼續保持，趨勢運行所形成的高點或低點又分別具有阻擋或支撐作用，因此均線指標所在的點位往往是十分重要的支撐或阻力位，這就為我們提供了買進或賣出的有利時機，均線系統的價值也正在於此。5日均線顧名思義就是5天股票成交價格平均價。均線向上是均線多頭。均線向上產生的交叉是金叉,反之是死叉。",,,
,股票,威力雷達指標,是錢龍系列分析產品中特有技術指標，它在指標編製中考慮到大盤指數與個股間的因素，從而進行編製的。所以它是一種針對個股分析使用的指標。該指標包括兩支移動線，白色為指標線，黃色為指標移動平均線。,,,標的物
,股票,威廉多空力度線,操作原則與OBV指標相同，但比OBV指標更有意義，能提前指出股價破位。,,,
,股票,下降插入線,下降插入線形態為下降趨勢中的持續性形態。價格或指數處於持續陰跌的走勢中，連續出現小陰線，但隨後股價跳空低開不斷反彈，收出一根低開高走的陽線，但這跟陽線並沒有將前一個交易日的陰線吞併，且最高價未能突破前一日的開盤價，只是插入前一根陰線的實體內部，形成下降插入線形態，此為下跌過程中多方的垂死掙扎，後市仍有尋底空間。,,,
,股票,旋進周期,旋進周期是在甲子周期的基礎上重建的周期體系，它完善了甲子周期的頻率取用，能夠針對某個焦點定位未來周期的基頻，同時依據基頻擴展。旋進周期所捕捉的是股市的轉向焦點和震蕩區域焦點。,,,
,,,,,,
,,,,,,
,,,,,,
,,,,,,
,,,,,,
,,,,,,
,,,,,,
,,,,,,
,,,,,,
,,,,,,
,股票,補倉,補倉是指投資者在持有一定數量的某種證券的基礎上，又買入同一種證券。補倉是被套牢後的一種被動應變策略，它本身不是一個解套的好辦法，但在某些特定情況下它是最合適的方法。補倉，就是因為股價下跌被套，為了攤低該股票的成本，而進行的買入行為 。補倉的前提：跌幅比較深，損失較大；預期股票即將上升或反彈。補倉的作用：以更低的價格購買該股票，使單位成本價格下降，以期望在補倉之後反彈拋出，將補倉所買回來的股票所賺取的利潤彌補高價位股票的損失。,,,
,股票,一手股票,是指每種股票所設的最低交易額，也是一個交易單位。(資料來源:維基百科),,,
,股票,套利,是指投資者或借貸者同時利用兩地利息率的差價和貨幣匯率的差價，流動資本以賺取利潤。通常指在某種實物資產或金融資產（在同一市場或不同市場）擁有兩個價格的情況下，以較低的價格買進，較高的價格賣出，從而獲取低風險的收益。(資料來源:維基百科),,,
,股票,背離,背離又稱背馳，是指當股票或指數在下跌或上漲過程中，不斷創新低（高），而一些技術指標不跟隨創新低（高），稱為背離。在背離過程中，升勢或跌勢會放緩，股價的走勢將會逆轉。所謂底背離就是股價或指數處於相對地位。頂背離反之。,,,
,股票,當沖,是金融市場上的一種交易行為，是為了從當日證券或商品價格的波動中賺取利潤，或是在股票或金融期貨市場上買進或賣出後，為了避免價格波動的風險，在當天進行拋補以軋平頭寸，而在同一日買進及賣出同一檔金融商品的投機式交易。會以當日沖銷方式進行的大多是股票、期貨、選擇權、外匯等和一系列期貨合約，如股指期貨，利率期貨，貨幣期貨和商品期貨。使用這種交易方式的投資者常被稱為當沖客（day trader）。(資料來源:維基百科),,,
,股票,開盤價,指每天成交中最先的一筆成交的價格。,,,
,股票,收盤價,指每天成交中最後的一筆股票的價格，也就是收盤價格。,,,
,股票,成交量,指當天成交的股票數量。,,,
,股票,最高價,指當天股票成交的各種不同價格是最高的成交價格。,,,
,股票,最低價,指當天成交的不同價格中最低成交價格。,,,
,股票,升高盤,是指開盤價比前一天收盤價高出許多。,,,
,股票,開低盤,是指開盤價比前一天收盤價低出許多。,,,
,股票,盤檔,是指投資者不積極買賣，多採取觀望態度，使當天股價的變動幅度很小，這種情況稱為盤檔。,,,
,股票,盤堅,股價緩慢上漲，稱為盤堅。,,,
,股票,盤整,是指股價經過一段急劇上漲或下跌後，開始小幅度波動，進入穩定變動階段，這種現象稱為整理，整理是下一次大變動的準備階段。,,,
,股票,盤軟,股價緩慢下跌，稱為盤軟。,,,
i,股票,跳空,指受強烈利多或利空消息刺激，股價開始大幅度跳動。跳空通常在股價大變動的開始或結束前出現。,,,
,股票,回檔,是指股價上升過程中，因上漲過速而暫時回跌的現象。,,,
,股票,反彈,是指在下跌的行情中，股價有時由於下跌速度太快，受到買方支撐面暫時回升的現象。反彈幅度較下跌幅度小，反彈後恢復下跌趨勢。,,,
,股票,斬倉,因市價的波動，客戶的帳目出現（或將出現）虧損，為了保障客戶不會損失保證金，經紀行會逢動為客戶平倉，以保不受損失。,,,
,股票,戥倉,待大量股票者，估計股市將會下跌，但不想賣出股票，又想減輕風險，就沽出一定數量的期貨對沖，叫做戥倉。,,,
,股票,暗盤,指大利市機以外的股份交易買賣。由於當中的買賣並不曝露於大眾之前，不會經聯交所披露其中內容，所以這些買賣被稱之為暗盤。,,,
,股票,拋售,由於突發的壞消息影響的恐懼心理，股票持有者急速賣出股票所造成的下跌。,,,
,股票,峰價,某一時期市價的最高點。,,,
,股票,底價,某一時期內大市所到達的最低價格。,,,
,股票,利空出盡,在證券市場上，證券價格因各種不利消息的影響而下跌，這種趨勢持續一段時間，跌到一定的程度，投資者須不再被這些“利空”的因素所影響，證券價格開始反彈上升，這種現象就被稱作“利空出盡”。,,,
,股票,保證金維持規則,當保證金購買的股票價格下跌時，如果客戶股票全部賣出，還去經紀人貸款後剩餘額不足股票市場價值的25%，那麼經紀人必須向客戶提出增加保證金以維持保證金購買的規則。,,,
,股票,便士股票,公司以低價發行，且具有高度投機性的股票。在歐美等國家，常以低於一美元的股票出售，也稱為低價股票。,,,
,股票,平均投資法,買賣股票的一種方法。指以一定的股票、金額、時間、持續投資的方法，買賣的平均值越低越能獲利。,,,
,股票,順彈,投資者隨著股價的行情變化而採取同一方向的行動稱之為“順彈”。即股價若上漲則買進股票，股價若下跌則賣出股票。,,,
,股票,逆彈,投資者對股市的行情變化採取反向的行動，即股價行情下跌時買進，上漲時賣出。,,,
,股票,周年分紅,公司創立周年經念日，或股票上市的周年紀念日，公司便會分紅，通常以一期為標準。,,,
,股票,周期性股票,指支付股息非常高（當然股價也相對高），並隨著經濟周期的盛衰而漲落的股票。這類股票多為投機性的股票。,,,
,股票,股票周轉率,一年中股票交易的股數占交易所上市股票股數、個人和機構發行總股數的百分比。,,,
,股票,坐轎子,"目光銳利或事先得到信息的投資人，在大戶暗中買進或賣出時，或在利多或利空消息公佈前，先期買進或賣出股票，待散戶大量跟進或跟出，造成股價大幅度上漲或下跌時，再賣出或買回，坐享厚利，這就叫“坐轎子""。",,,
,股票,抬轎子,利多或利空消息公佈後，認為股價將大幅度變動，跟著搶進搶出，獲利有限，甚至常被套牢的人，就是給別人抬轎子。,,,
,股票,作手,在股市中炒作哄抬，用不正當方法把股票炒高後賣掉，然後再設法壓低行情，低價補回；或趁低價買進，炒作哄抬後，高價賣出。這種人被稱為作手。,,,
,股票,大戶,就是大額投資人，例如財團、信托公司以及其它擁有龐大資金的集團或個人。,,,
,股票,散戶,就是買賣股票數量很少的小額投資者。,,,
,股票,斷頭,是指搶多頭帽子，買進股票，不料當天股價末上漲，反而下跌，只好低價賠本賣出。,,,
,股票,搶帽子,指當天低買再高賣，或高賣再低買，買賣股票的種類和數量都相同，從中賺取差價的行為。,,,
,股票,帽客,從事搶帽子行為的人，稱為帽客。,,,
,股票,軋空,是普遍認為當天股價將下跌，於是都搶空頭帽子，然而股價並末大幅度下跌，無法低價買進，收盤前只好競相補進，反而使收盤價大幅度升高的情況。,,,
,股票,多殺多,是普遍認為當天股價將上漲，於是市場上搶多頭帽子的特別多，然而股價卻沒有大幅度上漲，等交易快結束時，競相賣出，造成收盤價大幅度下跌的情況。,,,
,股票,領導股,是指對股票市場整個行情變化趨勢具有領導作用的股票。領導股必為熱門股。,,,
,股票,冷門股,是指交易量小，流通性差甚至沒有交易，價格變動小的股票。,,,
,股票,熱門股,是指交易量大、流通性強、價格變動幅度大的股票。,,,
,股票,票麵價值,指公司最初所定股票票面值。,,,
,股票,僵牢,指股市上經常會出現股價徘徊緩滯的局面，在一定時期內既上不去，也下不來，上海投資者們稱此為僵牢,,,
,股票,離散量,股價一波比一波高，而ADVOL 一波比一波低，兩者產生背離時，為賣出信號。股價一波比一波低，而ADVOL 一波比一波高，兩者產生背離時，為買進信號。ADVOL向上交叉N日平均線時，為買進信號；ADVOL向下交叉N日平均線時，為賣出信號。,,,
,股票,新三價線指標,"新三價線指標，英文全稱Three Line Break，縮寫TLB或TBL，屬於圖表型指標，是反映價格變動的一系列豎線，同Kagi, OX圖，磚形圖(Renko Chart)圖表一樣，它忽略了價格變動的時間因素。（註：這三種圖線不記錄時間坐標，由價格的變動完全確定圖線）。",,,
,股票,,,,,
,股票,,,,,
,股票,,,,,
,股票,,,,,
,股票,,,,,
,股票,,,,,
,股票,,,,,
,股票,,,,,
,,,,,,
,,,,,,
,,,,,,
,,,,,,
,,,,,,
,,,,,,
,,,,,,
,,,,,,
,,,,,,
,,,,,,
,債券,債券,是發行者為籌集資金發行的、在約定時間支付一定比例的利息，並在到期時償還本金的一種有價證券。根據發行方不同，可分為政府債券、金融債券以及公司債券。投資者購入債券，就如借出資金予政府、大企業或其他債券發行機構。這三者中政府債券因為有政府稅收作為保障，因而風險最小，但收益也最小。公司債券風險最大，可能的收益也最大。債券持有者是債權人，發行者為債務人。與銀行信貸不同的是，債券是一種直接債務關係。銀行信貸通過存款人——銀行，銀行——貸款人形成間接的債務關係。債券不論何種形式，大都可以在市場上進行買賣，並因此形成了債券市場。(資料來源:維基百科),,,
,債券,公債,公債指一個國家的中央政府與地方政府所借的債，中央政府借的債被稱為國債，地方政府借的債被稱為地方債。(資料來源:維基百科),,,
,債券,國債,國債券也被稱為國庫券、國家債券、中央政府債券、聯邦政府債券，是一個國家的中央政府或聯邦政府發行的公共債券。(資料來源:維基百科),,,
,債券,地方債券,地方政府債券（簡稱地方債券），是一個國家的地方政府發行並負責償還的債券。(資料來源:維基百科),,,
,債券,金融債券,金融債券是由銀行和非銀行金融機構為籌集資金而發行的債券。中國為籌集資金用於發放城鎮集體企業和鄉鎮企業特種貸款，1985年首次由中國工商銀行和中國農業銀行發行金融債券。(資料來源:維基百科),,,
,債券,公司債券,某一家公司發行的債券。(資料來源:維基百科),,,
,債券,貼現債券,是指在票面上不規定利率，發行時按某一折扣率，以低於票面金額的價格發行，到期時仍按面額償還本金的債券。貼現債券又稱貼水債券，指以低於面值發行，發行價與票面金額之差額相當於預先支付的利息，債券期滿時按面值償付的債券。(資料來源:維基百科),,,
,債券,附息債券,在債券存續期內，對持有人（投資人）定期支付利息（通常每半年或每年支付一次），按照計息的方式不同，這類債券還可細分為固定利率債券和浮動利率債券兩大類。有些附息債券可以根據合約條款推遲支付定期利率，被稱為緩息債券。(資料來源:維基百科),,,
,債券,息票累積債券,債券持有人(投資人)必須在債券到期時一次性獲得本息，存續期沒有利息支付。(資料來源:維基百科),,,
,債券,零息債券,不付利息的債券。發行價一般是低於票面值發售。(資料來源:維基百科),,,
,債券,永久債券,又稱永續債券或萬年公債。是一種永恆的、沒有到期日期的債券，也稱為Perp。因此，它可被視為一種股權，而不是債務。永久債券按期支付債息直到永遠，發行人不一定要贖回。永久債券產生永遠的現金流是永久性的。(資料來源:維基百科),,,
,債券,公募債券,指發行人向不特定的社會公眾投資者公開發行的債券。該債券可以在公開的證券市場上市交易，流動性好。(資料來源:維基百科),,,
,債券,私募債券,指發行人向特定投資者發行的債券。(資料來源:維基百科),,,
,債券,有擔保債券,以抵押財產為擔保發行的債券。一是抵押債券公司以不動產作為擔保；二是質押債券公司以其它有價證券（如子公司股票或其它債券）作為擔保所發行的公司債券。另外，在一些相關的法律法規中，質押債券是指已由政府、中央銀行、政策性銀行等部門和單位發行，在中央國債登記結算有限責任公司託管的政府債券、中央銀行債券、政策性金融債券，以及經人民銀行認可、可用於質押的其他有價證券；三是保證債券以第三人作為擔保。(資料來源:維基百科),,,
,債券,無擔保債券,也稱為信用債券。,,,
,債券,實體債券,實物債券，一般印有債券面額、債券利率、債券期限、債券發行人全稱、還本付息方式等。(資料來源:維基百科),,,
,債券,憑證式債券,憑證式國債是一種國家儲蓄債，以「憑證式國債收款憑證」記錄債權，不能上市流通，從購買之日起計息。在持有期內，持券人如遇特殊情況需要現金，可以到購買網點提前兌取。提前兌取時除償還本金外，利息按實際持有天數及相應的利率檔次計算，經辦機構按兌付本金的1?收取手續費；憑證式國債到期是一次性支付本金及利息，獲得的是單利；固定利率；憑證式國債又分為紙質憑證式國債、電子記帳憑證式國債。(資料來源:維基百科),,,
,債券,記帳式債券,又名無紙化國債，準確定義是由財政部通過無紙化方式發行的、以電腦記帳方式記錄債權，並可以上市交易的債券，但不可提前兌付。記帳式國債根據不同的年限，有不同的付息方式，一般中長期的記帳式國債，採用年付或半年付，這些利息可以用來再投資，相當於複利記息；浮動利率。(資料來源:維基百科),,,
,債券,綠色債券,"又名氣候債券，是種相對新穎的定息金融產品，指的是為各種為舒緩氣候變化問題的項目集資的債務證券。綠色證券的發行量和存量增速迅猛，存量在2016年達到了1,600億美元，而單計算2016年便有700億美元的新發行綠色債券。(資料來源:維基百科)",,,
,債券,銀色債券,是香港政府在2016-2018年發行的零售債券，只限年滿 65歲的香港身份證持有人購買，息率為綜合物價消費指數過去六個月的變化平均值或2厘（2018及2019年批次改為3厘），以較高者為準。(資料來源:維基百科),,,
,債券,可轉換債券,可轉換債券，簡稱可轉債，又作可換股債券，一種金融衍生品，它可以轉換為債券發行公司的股票，其轉換比率一般會在發行時確定。可轉換債券通常具有較低的票面利率，因為可以轉換成股票的權利是對債券持有人的一種補償。因為將可轉換債券轉換為普通股時，所換得的股票價值一般遠大於原債券價值。但是一旦轉換成股票就有下跌風險，不再有債券保值特性。從發行者的角度看，用可轉換債券融資的主要優勢在於可以減少利息費用，但如果債券被轉換，公司股東的股權將被稀釋。從本質上講，可轉換債券是在發行公司債券的基礎上，附加了一份期權，並允許購買人在規定的時間範圍內將其購買的債券轉換成指定公司的股票。有些可轉換債券到期後要求必須轉為股票，這類可轉換債券也可以稱為必（須）轉換債券。(資料來源:維基百科),,,
,權證,權證,認股證又稱權證，是指標的證券發行人或其以外的第三人所發行，約定持有人在規定期間內或特定到期日，有權按約定價格向發行人購買或出售標的證券，或以現金結算方式收取結算差價的有價證券。權證的價值（或價格）等於內在價值與時間價值之和。(資料來源:維基百科),,,
,權證,股本權證,發行人通常為上市公司，標的證券為該上市公司或其子公司的股票。股本權證持有人行權時，發行人會增發股票，標的證券的股本總額會增加。(資料來源:維基百科),,,
,權證,備兌權證,是由標的證券發行人以外的第三方（通常為證券公司或投資銀行等金融機構）發行的權證。備兌權證持有人行權時，發行人購買或支付標的證券或支付差價，並不會造成總股本的增加。(資料來源:維基百科),,,
,權證,認購權證,持有人可在約定期間或到期時按約定價格向發行人購買標的證券。認購權證價值與標的證券價格同向變化，當標的證券價格低於認購權證行權價格[4]與行權手續費之和時，認購權證的價值為零。(資料來源:維基百科),,,
,權證,認售權證,持有人可以在約定期間或到期時按約定價格向發行人賣出標的證券。認售權證價值與標的證券價格反向變化，當標的證券的價格高於認售權證行權價格與行權手續費之差時，認售權證的價值為零。(資料來源:維基百科),,,
,權證,美式權證,持有人可以在權證到期日前的任一交易日行權。(資料來源:維基百科),,,
,權證,歐式權證,持有人只能在權證到期日當日行權。(資料來源:維基百科),,,
,權證,百慕達權證,介於歐式權證和美式權證之間，百慕達權證具有多個行權日或是一段行權期，如到期日前5日。(資料來源:維基百科),,,
,,,,,,
,期貨,期貨,期貨合約（Futures contract），簡稱期貨（Futures），是一種跨越時間的交易方式。買賣雙方透過簽訂合約，同意按指定的時間、價格與其他交易條件，交收指定數量的現貨。通常期貨集中在期貨交易所，以標準化合約進行買賣，但亦有部分期貨合約可透過櫃台交易進行買賣，稱為場外交易合約。交易的資產通常是商品或金融工具。雙方同意購買和出售資產的預定價格被稱為遠期價格。未來的指定時間即交付和付款發生時稱為交貨日期。因為它是標的資產的函數，期貨合約是衍生產品。(資料來源:維基百科),,,
,期貨,農產品期貨,如棉花、大豆、小麥、玉米、白糖、咖啡、豬腩、菜籽油、天然橡膠、棕櫚油、紅酒、家禽家畜。(資料來源:維基百科),,,
,期貨,金屬期貨,如銅、鋁、錫、鋅、鎳、黃金、白銀。(資料來源:維基百科),,,
,期貨,能源期貨,如原油、汽油、燃料油。新興品種包括氣溫、二氧化碳和二氧化硫排放配額。(資料來源:維基百科),,,
,期貨,金融期貨,如國債期貨、股指期貨。在期貨交易中，任何交易者必須按照其所買賣期貨合約價值的一定比例（通常為5-10%）繳納資金，作為其履行期貨合約的財力擔保，然後才能參與期貨合約的買賣，並視價格變動情況確定是否追繳資金。這種制度就是按金制度，所交的資金就是按金。,,,
,期貨,按金制度,在期貨交易中，任何交易者必須按照其所買賣期貨合約價值的一定比例（通常為5-10%）繳納資金，作為其履行期貨合約的財力擔保，然後才能參與期貨合約的買賣，並視價格變動情況確定是否追繳資金。這種制度就是按金制度，所交的資金就是按金。,,,
,期貨,每日結算制度,期貨交易的結算是由交易所統一組織進行的。期貨交易所實行每日無負債結算制度，又稱「逐日盯市」，是指每日交易結束後，交易所按當日結算價結算所有合約的盈虧、交易按金及手續費、稅金等費用，對應收應付的款項同時劃轉，相應增加或減少會員的結算準備金。(資料來源:維基百科),,,
,期貨,漲跌停板制度,漲跌停板制度又稱每日價格最大波動限制，即指期貨合約在一個交易日中的交易價格波動不得高於或低於規定的漲跌幅度，超過該漲跌幅度的報價將被視為無效，不能成交。(資料來源:維基百科),,,
,期貨,持倉限額制度,持倉限額制度是指期貨交易所為了防範操縱市場價格的行為和防止期貨市場風險過度集中於少數投資者，對會員及客戶的持倉數量進行限制的制度。超過限額交易所可按規定強行平倉或提高按金比例。(資料來源:維基百科),,,
,期貨,大戶報告制度,大戶報告制度是指當會員或客戶某品種持倉合約的投機頭寸達到交易所對其規定的頭寸持倉限量80%以上（含本數）時，會員或客戶應向交易所報告其資金情況、頭寸情況等，客戶須通過經紀會員報告。大戶報告制度是與持倉限額制度緊密相關的又一個防範大戶操縱市場價格、控制市場風險的制度。(資料來源:維基百科),,,
,期貨,實物交割制度,實物交割制度是指交易所制定的、當期貨合約到期時，交易雙方將期貨合約所載商品的所有權按規定進行轉移了結未平倉合約的制度。(資料來源:維基百科),,,
,期貨,強行平倉制度,強行平倉制度，是指當會員或客戶的交易按金不足並未在規定的時間內補足，或者當會員或客戶的持倉量超出規定的限額時，或者當會員或客戶違規時，交易所為了防止風險進一步擴大，實行強行平倉的制度。簡單地說就是交易所對違規者的有關持倉實行平倉的一種強制措施。(資料來源:維基百科),,,
,期貨,股票指數期貨,簡稱股指期貨或期指，是以股價指數作為標的物的期貨品種。交易與普通的商品期貨交易一樣，具備相同的特征，屬於金融衍生品的一種。(資料來源:維基百科),,,
,期貨,利率期貨,（Interest rate futures）：利率期貨是指以債券類證券為標的物的期貨合約，它可以避免利率波動所引起的證券價格變動的風險。利率期貨一般可分為短期利率期貨和長期利率期貨，前者大多以銀行同業拆借中場3月期利率為標的物、後者大多以5年期以上長期債券為標的物。(資料來源:維基百科),,,
,期貨,升水,高水，又稱升水，通常是指期貨價格高於現貨價格。以恆指期貨為例，如果期指高於恆指（即恆生指數），便稱為期指高水。如果期指出現高水，一般會認為是後市向好的指標，因為期貨市場的投資者願意以較現貨市場為高的價格去購買期指，表示投資者對後市有信心。(資料來源:維基百科),,,
,期貨,按金制度,在期貨交易中，任何交易者必須按照其所買賣期貨合約價值的一定比例（通常為5-10%）繳納資金，作為其履行期貨合約的財力擔保，然後才能參與期貨合約的買賣，並視價格變動情況確定是否追繳資金。這種制度就是按金制度，所交的資金就是按金。(資料來源:維基百科),,,
,期貨,貼水,貼水，又稱低水，是指期貨價格低於現貨價格。以恆指期貨為例，假如恆指高於期指，這種情況就可稱為期指低水或貼水。需知道，期指是一種特別產品，它是現在決定價格，而在將來合約到期之日（即每月月底結算日）才作結算。在結算日當天，期貨價格應該等於現貨價格，即期指應等於恆指，因此期指的現價根本是對未來到期日恆指收市價的一個估算值。所以，若遇上期指低水的情況，即代表投資者估計未來恆指會下跌，後市向淡。(資料來源:維基百科),,,
,期貨,變相期貨,某些遠期現貨市場套用期貨交易體制組織的交易，一般都隱含巨大的風險，容易被操縱而導致交易者巨大損失。(資料來源:維基百科),,,
,期貨,平倉,平倉（Liquidation／Cover／Offset）指的是證券以及期貨市場上，持有空頭部位的投資人，藉由買進等量的契約以離開市場；或是持有多頭部位的投資人，藉由賣出等量的契約以離開市場。即以等量但相反買賣方向，來沖銷原有的契約。(資料來源:維基百科),,,
,期貨,未平倉量,未平倉量是指某特定市場在某交易日結束時，多方所持有或空方所拋空的契約口數。它代表市場當時所存在的契約口數，未平倉量等於多頭的總部位或空頭的總部位。,,,
,期貨,留倉,未平倉（Open Interest，OI），期貨和選擇權之買賣交易的專有名詞，或稱為「留倉」。在期貨或選擇權之交易市場中未進行平倉的部位（留倉），此時商品合約尚在市場中等候交易，仍受到市場價格變動的影響。(資料來源:維基百科),,,
,期貨,轉倉,由於期貨合約具有到期日，不論買方或賣方，若想繼續持有與原來部位相同之多單或空單時，必須在期貨市場將原來持有之近月期貨合約平倉，同時買進或賣出遠月期貨合約，即為轉倉。(資料來源:維基百科),,,
,期貨,,,,,
,問候,喜歡,您覺得呢?,,,
,問候,你好,您好,,,
,問候,妳好,您好,,,
,問候,您好,您好,,,
,問候,hello,hello,,,
,問候,早安,早安,,,
,問候,午安,午安,,,
,問候,晚安,晚安,,,
,問候,再見,再見,,,
,問候,你好嗎,我很好,,,
,問候,是否有空,我沒空做工作以外的事,,,
,問候,你是誰會做什麼,"我是金融對話機器人，目前會幫您記錄外幣購買紀錄和提醒', '我是個金融對話機器人，我目前會幫您記錄外幣購買紀錄和提醒', '我是金融對話機器人，目前提供外幣相關的功能', '我只是金融對話機器人，目前只會記錄外幣購買紀錄和提",,,
,問候,為甚麼聽不懂,我還在學習新的知識和應對方法,,,
,問候,好麻煩,很抱歉為您造成不便，我在未來會改進,,,
,問候,想,我想想,,,
,問候,吃什麼,不用吃,,,
,問候,需要什麼,沒什麼,,,
,問候,很棒,謝謝,,,
,問候,,,,,
,財務報表,資產負債表,為會計、商業會計或簿記實務上的財務報表之一，在財務會計中，資產負債表是個人或組織的財務餘額的摘要，無論是個人獨資企業，商業合夥企業，公司，私人有限公司還是營利實體。資產負債表利用會計平衡原則，將合乎會計原則的資產、負債、股東權益交易科目分為「資產」和「負債及股東權益」兩大區塊，在經過分錄、轉帳、分類帳、試算、調整等等會計程序後，以特定日期的靜態企業情況為基準，濃縮成一張報表。其報表功用除了企業內部除錯、經營方向、防止弊端外，也可讓所有閱讀者於最短時間了解企業經營狀況。,,,
,財務報表,綜合損益表,為會計重要財務報表之一。主要計算及顯示公司的盈利狀況。合夥經營和有限公司的損益表中會在計算公司淨盈利後加入分配帳，以顯示公司如何分發盈利。,,,
,財務報表,現金流量表,是財務報表的三個基本報告之一，所表達的是在一固定期間（通常是每月或每季）內，一家機構的現金（包含銀行存款）的增減變動情形。,,,
,財務報表,GAAP,一般公認會計原則 指就因應會計事項所制定的全球性原則，會計個體之資產、負債、資本、費用、收入等任何一環都必須遵守。,,,
,財務報表,IFRSs,國際財務報告準則，又稱國際財務報導準則、國際會計準則，是指國際會計準則理事會 編寫發布的一套致力於使世界各國公司能夠相互理解和比較財務信息的財務會計准則和解釋公告。,,,
,財務報表,固定資產,在會計學中指企業用於生產商品或提供勞務、出租給他人，或為行政管理目的而持有的，預計使用年限超過一年的具有實物形態的資產。,,,
,財務報表,無形資產,指由特定主體所擁有，無一定型態，不具實體，但可構成競爭優勢或對生產經營發揮作用的非貨幣性資產，如知識產權、品牌、人力資源、企業文化等都可以算是無形資產。,,,
,財務報表,財務比率,財務報表上兩個數據之間的比率，這些比率涉及企業管理的各個方面。財務比率可以分為四類：短期償債能力比率、資產管理比率、負債比率、盈利能力比率。,,,
,財務報表,毛利率,毛利率用來觀察公司產品或服務本身成本變化。 當產品或服務成本(銷貨成本)增加，毛利率會下滑； 當產品或服務成本(銷貨成本)減少，毛利率會上升。,,,
,財務報表,營業利益率,營業利益率除了觀察產品的成本的變化， 也包含了營業費用(薪資、廣告費)的觀察。 當產品成本和營業費用增加，營業利益率會下滑； 當產品成本和營業費用減少，營業利益率會上升。 每個產業公司的營運和成本不盡相同， 因此營業利益率走勢觀察比數據大小重要； 而營業利益率的比較，應以同產業作為基礎才有意義。,,,
,財務報表,淨利率,淨利率是觀察扣除成本、費用、還有業外損益後，淨利占營收的比例。 每個產業公司的營運和成本不盡相同， 因此淨利率走勢觀察比數據大小重要； 而淨利率的比較，應以同產業作為基礎才有意義。 最後淨利包含業外損益部分，因此可能大於營收使得淨利率大於100%， 此時投資人應特別注意業外損益來源，或是以合併報表作為觀察。,,,
,財務報表,流動負債,指一份資產負債表內，一年內到期的負債。典型的組成有：短期銀行借款。長期借款將於一年內到期的部分，也應轉列為流動負債。,,,
,財務報表,流動資產,流動資產包括現金或銀行存款、短期投資、應收帳款、應收票據、存貨、預付費用等。,,,
,財務報表,資本公積,額外實收資本,,,
,財務報表,毛利,商業會計中銷售收入扣除主營業務的直接成本後的部分。,,,
,財務報表,呆帳,又稱壞帳、呆壞帳，較文雅的稱法為不良債權，是應收帳款中無法收回的部分。歸屬為費用類，出現在損益表中。呆帳發生的原因，是因為企業為了銷售商品，而給予客戶信用融通，因此呆帳的產生是為了創造收入而發生的一項費用。,,,
,財務報表,折舊,將固定資產成本轉成費用的方式。土地不需提列折舊，因為土地的總供給數量通常是固定不變的。,,,
,財務報表,稼動率,OEE指標的一部份，是設備實際運轉的時間百分比，稼動時間等於負荷時間減去停線時間，則稼動率= (稼動時間/負荷時間)*100%，舉例來說假設稼動時間是六小時，負荷時間為十小時，則稼動率=(6/10)*100%=60%。,,,
,財務報表,最近功能,目前還在測試中，未來新增功能會再通知，謝謝,,,
,財務報表,毛利率,又稱銷售毛利率，是一個衡量盈利能力的指標，通常用百分數表示。毛利率越高則說明企業的盈利能力越強，控制成本的能力越強。但是對於不同規模和行業的企業，毛利率的可比性不強。,,,
,財務報表,資本支出,為了獲得固定資產，或為了延長固定資產耐用年限而流出的費用。在會計記帳時，資本支出並不是在支出的當年全部計入費用，而是按照折舊的方式計入每一年的費用。(資料來源:維基百科),,,
,財務報表,內部報酬率,是一種投資的評估方法，也就是找出資產潛在的報酬率，其原理是利用內部報酬率折現，投資的淨現值恰好等於零。內部收益率（IRR）衡量投資的收益率。 「內部」一詞是指內部利率不包括外部因素，如通貨膨脹，資本成本或各種金融風險。(資料來源:維基百科),,,
,財務報表,現值,在給定的時刻，一次（或多次）該時刻之後發生的現金（現金流）在該時刻的價值（總和）稱為現值。這個概念反映了金錢的時間價值，以及金融風險等諸多因素。(資料來源:維基百科),,,
,財務報表,產權比率,是資產負債率的另一種表現形式，它和資產負債率的性質一樣，是總負債與股東權益的比值。產權比率表明每1元股東權益借入的債務額(資料來源:維基百科),,,
,財務報表,安全邊際,衡量企業承受產品滯銷能力的一種方法，並常用於管理會計之中。其內涵為預期(或實際)銷貨額(或量)超過損益兩平點銷貨的部分，即為企業在發生損失之前的彈性銷售銷貨額（或量）。(資料來源:維基百科),,,
,財務報表,損益兩平點,又稱盈虧平衡點，即為總收入等於總成本之銷貨水準，亦是利潤為零的銷貨水準，常用於管理會計的使用，是CVP分析中一項重要的指標。其意涵為企業之銷貨額(或量)至少要達到損益兩平點，否則企業將發生虧損，反之，若企業銷貨額(或量)超過損益兩平點，則能夠獲利。(資料來源:維基百科),,,
,財務報表,平均成本法,指在特定間隔期間（例如每月買入一次）、買入固定金額的某資產的投資策略。平均成本法的目的是為了規避因資產的波動性對投資人最終收益造成的負面影響。(資料來源:維基百科),,,
,財務報表,折現率,根據資金具有時間價值這一特性，按複利計息原理把未來一定時期的預期收益折合成現值的一種比率。折現率是要將投資的未來效益折現，不許先決定利率。利率的決定有多重方法，有些公司很武斷的決定，有些公司以公司現行的資產報酬率為基礎，也有公司採用零風險的利率為基礎，如五年期政府公債利率加上風險溢價，即依據不同投資風險給予不等的利率加碼，例如在跨國公司可能針對不同投資行為給予不同的利率加減碼。折現時，利率越高，未來現金流量的折現值就越低，也就是說投資評估越保守。(資料來源:維基百科),,,
,財務報表,風險溢價,在面對不同風險的高低、且清楚高風險高報酬、低風險低報酬的情況下，會因個人對風險的承受度影響其是否要冒風險獲得較高的報酬、或是只接受已經確定的收入，放棄冒風險可能得到的較高報酬。確定的收入與較高的報酬之間的差，即為風險溢價(資料來源:維基百科),,,
,財務報表,現金循環周期,指一家公司從支付現金購買庫存起到最終收回銷售產品所得的現金為止的天數。[1]現金循環週期可以用來衡量公司的流動性狀況。(資料來源:維基百科),,,
,財務報表,稅盾,經由將免稅額從應稅收入中扣除，產生降低所得稅的效應。例如：債務利息是免稅支出，所以負債會產生稅盾。它是商業價值評估重要的一環，因為稅盾會節省現金流。(資料來源:維基百科),,,
,財務報表,稅率,計算稅金的比例係數。分成稅金內含與外加2種不同的計算方式(資料來源:維基百科),,,
,財務報表,節稅,節稅（Tax Mitigation），與避稅（Tax Avoidance）不太相同，是以合法的途徑避免或減少「可以避免」的稅種或者稅率。又稱作「稅務安排」（Tax Planning），例如善用避稅港，是理財的專業活動，不易被污名化，容易與避稅混淆。(資料來源:維基百科),,,
,財務報表,權益乘數,是資產負債率的另一種表現形式，它和資產負債率的性質一樣，是總負債與股東權益的比值。產權比率表明每1元股東權益所擁有的資產額。權益乘數=2+產權比率(資料來源:維基百科),,,
,財務報表,資產報酬率,資產收益率（Return on Assets，ROA），又稱資產回報率或資產報酬率，是用來衡量每單位資產創造多少淨利潤的指標，也可以解釋為企業利潤額與企業平均資產的比率。計算公式為:淨利/總資產,,,
,財務報表,營業費用,"營業費用（operating expense, OPEX）指的是運行企業的持續性、消耗性的支出，與之對照的是資本支出（capital expenditure, CAPEX）。例如：購買影印機的支出屬於資本支出（CAPEX），而紙張、墨水、電力、維修的費用則屬於營業費用（OPEX）。在企業中，營運費用可能包含了員工薪資、設備租金、場地租金。計算公式為:營業費用/營業收入",,,
,財務報表,股東權益報酬率,股東權益報酬率（又稱股權收益率、股本收益率或股東權益報酬率，英語：Return On Equity，縮寫：ROE），是衡量相對於股東權益的投資報酬之指標，反映公司利用資產淨值產生純利的能力。計算方法是將稅後淨利扣除優先股股息和特殊收益後的淨收益除以股東權益。此比例計算出公司普通股股東的投資報酬率，是上市公司盈利能力的重要指標。計算公式為:淨利/股東權益總額,,,
,財務報表,營業利益佔營業收入比率,營業費用是指和產品或服務沒有直接相關，因日常營運產生的間接費用， 通常歸類為管理費用(水電、薪資)、推銷費用(廣告)、研發費用三類佔營業收入的比例。計算公式為:營業利益/營業收入,,,
,財務報表,營業費用率,營業費用率是指從事營業活動所需花費的各項費用在營業收入中的比重。計算公式為:營業費用/營業收入,,,
,財務報表,稅前純益佔營業收入比率,稅前盈餘為損益表中的一項會計科目。 是用以衡量公司獲利情況的重要科目。 計算方式為： 銷貨收入－銷貨成本－營業費用＋其他收入及利得－其他費用及損失＝稅前盈餘，則在營業收入佔的比例為稅前純益佔營業收入比率，計算公式為:稅前純益/營業收入,,,
,財務報表,純益率,純益率、淨利率(Profit margin) 指的是稅後淨利占營收的百分比。計算公式為:淨利/營業收入,,,
,財務報表,每股盈餘,每股盈餘（英語：Earnings Per Share，EPS)，又稱每股收益或每股盈利，是指公開市場上，每股給投資者/股東帶來的收益。它是公司的獲利指標，對於有公開市場股票交易的公司而言，每股盈餘和公司的股價都有一定的聯動性，因此這也是公司現有股東與潛在投資人衡量公司獲利的關鍵要素之一。這詞彙經常出現於財經刊物或報章的財經版。計算公式為:淨利/在外流通股數,,,
,經濟金融會計,,,,,
,經濟金融會計,,,,,
,經濟金融會計,,,,,
,經濟金融會計,,,,,
,經濟金融會計,,,,,
,經濟金融會計,,,,,
,經濟金融會計,,,,,
,經濟金融會計,,,,,
,經濟金融會計,,,,,
,經濟金融會計,,,,,
,經濟金融會計,,,,,
,經濟金融會計,,,,,
,經濟金融會計,,,,,
,保險,,,,,
,保險,,,,,
,保險,,,,,
,保險,,,,,
,保險,,,,,
,,,,,,
,,,,,,
,,,,,,
,,,,,,
,,,,,,
,,,,,,
,,,,,,
,,,,,,
,,,,,,
,,,,,,
,經濟金融會計,,,,,
,其他,外匯市場,外匯市場（Foreign exchange market，簡稱Forex、FX或currency market）是一個分散於全球各地用於交易貨幣的金融市場。除星期六、星期天和交易中心所在國家的重大節日外，世界各地的金融中心按所處位置輪流運轉，使外匯市場能24小時不間斷的買賣各種貨幣。按交易契約種類，有即期、掉期、也有遠期合約等市場存在。外匯市場決定不同貨幣之間的匯率。[1]外匯市場的主要目的是允許企業通過轉換不同的幣種來促進國際間的貿易和投資。舉例來說：它允許美國企業進口英國商品並以英鎊支付其費用，儘管該企業的收支是以美元計算的。它也支持貨幣投機行為和套利交易。(資料來源:維基百科),,,
,其他,期貨交易所,期貨交易所(Futures exchange)，或稱為期貨選擇權交易所，或稱期貨市場（futures market），是以公司或互助組織的型態來提供衍生性金融商品的交易平台。期貨交易所起源於對商品期貨的交易需求，故又稱為商品交易所。之後，陸續發展出短期利率和債券的期貨交易。到目前為止，契約內容不僅於期貨，還包括選擇權、期權（options on futures）、其它新金融商品。有別於其它衍生性金融商品，如掉期主要在櫃台買賣中心（Over The Counter）交易，期貨契約大部份於交易所內完成交易。(資料來源:維基百科),,,
,其他,集中市場,(Stock Exchange Market）是指上市股票在證券交易所以集中公開競價方式進行交易的方式，集中市場的交易商品均為標準化，而競價的方式則有電腦自動撮合與人工撮合兩種，例如台灣的證券交易所就是利用電腦自動交易，而美國的紐約證券交易所則是由經紀人在場內走動叫喊來尋找最佳買賣主。(資料來源:維基百科),,,
,其他,店頭市場,（Over-the-counter）是指證券在證券商的營業櫃檯以議價方式進行的交易行為，又稱為「櫃檯買賣」。店頭市場也稱「櫃檯買賣市場」。(資料來源:維基百科),,,
,其他,地產市場,地產市場是一個商業市場，它當中市場參予者有生產者、中介人及消費者等。 地產市場的供求關係也是依從經濟學市場定律。它的商品就是地皮、住宅物業、辦公大樓（寫字樓）、商鋪、換樓權益書、香港的丁屋等(資料來源:維基百科),,,
,其他,資本市場,資本市場是金融市場的一部分，它包括所有關係到提供和需求長期資本的機構和交易。長期資本包括公司的部分所有權如股票、長期公債、長期公司債券、一年以上的大額可轉讓存單、不動產抵押貸款和金融衍生工具等，也包括集體投資基金等長期的貸款形式，但不包括商品期貨。資本市場是一種市場形式，而不是指一個物理地點，它是指所有在這個市場上交易的人、機構以及他們之間的關係。就其細節而言對資本市場的見解有不同的定義。有些金融學家只將有證明的物件之間的交易看作資本市場的內容，而將無證明的貸款交易另分為貸款市場[2]。其他金融學家則將兩者均看作是資本市場[3]。公認的是長期性的資本是這個市場與其它金融市場如衍生市場、貨幣市場之間的區別。(資料來源:維基百科),,,
,其他,一級市場,一級市場（Primary Market）又稱發行市場、初級市場是處理新發行證券的金融市場，籌集資金的公司、政府或公共部門通過發行新的股票和債券來進行融資。一級市場是資本市場的一部分，負責處理發行人直接向投資者發行和出售股票支持證券。這一過程通常由證券商的辛迪加（企業聯合組織）或證券包銷商（保證購買全部發行的股票或公債的人）完成，發售新證券的過程被稱為承保（underwriting）。在股票市場的新股發行中，這一過程被稱為首次公開募股（IPO）。股票經銷商則根據已經確立的股票價格抽取佣金。一旦初次交易完成，其後續的交易行為會在二級市場上完成。發行目的為籌措中、長期的資金，辦理新債券發行之市場，通常此市場無固定的發行時間與地點，屬於無形的市場，依發行目的不同，其發行方式亦有不同。(資料來源:維基百科),,,
,其他,二級市場,二級市場又稱次級市場，是買賣已經上市的公司的股票的資本市場。新股發行不屬於二級市場。二級市場是任何舊金融商品的交易市場，可為金融商品的最初投資者提供資金的流動性。這裡金融商品可以是股票、債券、抵押、人壽保險等。各種資產的二級市場可能有所不同，從貸款到股票，從零散到集中，從非流動到非常流動。主要證券交易所是流動性二級市場最明顯的例子-在這種情況下，是公開交易公司的股票。二級市場在新證券被發行後即存在，有時也被稱做「配件市場」（aftermarket）。一旦新發行的證券被列入證券交易所裡，也就是做市商（market maker）開始出價和提供新證券之後，投資者和投機客便可以比較輕易地進行買賣交易。各國的股票市場一般都是二級市場。與美國等西方國家比較，抵押貸款、人壽保險等金融產品的二級市場在中國大陸基本上還沒有形成。(資料來源:維基百科),,,
,其他,權證市場,"香港交易所是全球最大的權證市場，有上千隻權證。2006年香港權證市場每日平均成交量不逾100億港元，至2007年第三季的成交量已增致每日平均188億港元。2007年10月更曾創出單日成交量超過500億的紀錄。2007年12月17日權證發行公司麥格理證券舉行新聞發布會，指香港權證市場截至2007年11月底止，權證成交額為41,600億港元較2006年全年成交額18,000億港元增長1.31倍。而每日權證成交金額約為188億元，佔港股整體成交金額逾20%；而發行數量亦由2006年的2,823隻增加至07年11月的6,027隻增長1.13倍；發行商數目由06年的19個，增至07年的23個。截止到2006年6月5日，中國大陸上海證券交易所和深圳證券交易所只有權證27隻，但單日交易額高達百億。(資料來源:維基百科)",,,
,其他,貿易依存度,指一定時期內一國或一地區的進出口貿易值與該國或該地區同時期內的國內生產總值（GDP）的比值。(資料來源:維基百科),,,
,其他,累計期權,累計期權，英文名稱Accumulator，是一種以合約形式買賣資產（股票、外匯或其它商品）的金融衍生工具，為投資銀行（莊家）與投資者客戶的場外交易，一般投行會與客戶簽訂長達一年的合約。(資料來源:維基百科),,,
,其他,貿易,貿易是自願的貨品或服務交換。貿易也被稱為商業。貿易是在一個市裡面進行的。最原始的貿易形式是以物易物，即直接交換貨品或服務。現代的貿易則普遍以一種媒介作討價還價，如金錢,,,
,其他,,,,,
,其他,,,,,
,其他,,,,,
,其他,,,,,
,其他,,,,,
,其他,,,,,
,其他,,,,,
,其他,,,,,
